{
	"animations": [
		{"file_name": "images/base/arr_m_w_7x7.png",    "frame_name": "arr_m_w_r",        "rows": 1, "cols": 5, "w":  7, "h":  7, "from":  0, "to":  4},
		{"file_name": "images/base/arr_m_w_7x7.png",    "frame_name": "arr_m_w_l",        "rows": 2, "cols": 5, "w":  7, "h":  7, "from":  5, "to":  9},
		{"file_name": "images/base/arr_m_w_7x7.png",    "frame_name": "arr_m_w_u",        "rows": 3, "cols": 5, "w":  7, "h":  7, "from": 10, "to": 14},
		{"file_name": "images/base/arr_m_w_7x7.png",    "frame_name": "arr_m_w_d",        "rows": 4, "cols": 5, "w":  7, "h":  7, "from": 15, "to": 19},
		{"file_name": "images/base/arr_m_y_7x7.png",    "frame_name": "arr_m_y_r",        "rows": 1, "cols": 5, "w":  7, "h":  7, "from":  0, "to":  4},
		{"file_name": "images/base/arr_m_y_7x7.png",    "frame_name": "arr_m_y_l",        "rows": 2, "cols": 5, "w":  7, "h":  7, "from":  5, "to":  9},
		{"file_name": "images/base/arr_m_y_7x7.png",    "frame_name": "arr_m_y_u",        "rows": 3, "cols": 5, "w":  7, "h":  7, "from": 10, "to": 14},
		{"file_name": "images/base/arr_m_y_7x7.png",    "frame_name": "arr_m_y_d",        "rows": 4, "cols": 5, "w":  7, "h":  7, "from": 15, "to": 19},
		{"file_name": "images/base/arr_s_w_7x7.png",    "frame_name": "arr_s_w_r",        "rows": 1, "cols": 5, "w":  7, "h":  7, "from":  0, "to":  4},
		{"file_name": "images/base/arr_s_w_7x7.png",    "frame_name": "arr_s_w_l",        "rows": 2, "cols": 5, "w":  7, "h":  7, "from":  5, "to":  9},
		{"file_name": "images/base/arr_s_w_7x7.png",    "frame_name": "arr_s_w_u",        "rows": 3, "cols": 5, "w":  7, "h":  7, "from": 10, "to": 14},
		{"file_name": "images/base/arr_s_w_7x7.png",    "frame_name": "arr_s_w_d",        "rows": 4, "cols": 5, "w":  7, "h":  7, "from": 15, "to": 19},
		{"file_name": "images/base/arr_s_y_7x7.png",    "frame_name": "arr_s_y_r",        "rows": 1, "cols": 5, "w":  7, "h":  7, "from":  0, "to":  4},
		{"file_name": "images/base/arr_s_y_7x7.png",    "frame_name": "arr_s_y_l",        "rows": 2, "cols": 5, "w":  7, "h":  7, "from":  5, "to":  9},
		{"file_name": "images/base/arr_s_y_7x7.png",    "frame_name": "arr_s_y_u",        "rows": 3, "cols": 5, "w":  7, "h":  7, "from": 10, "to": 14},
		{"file_name": "images/base/arr_s_y_7x7.png",    "frame_name": "arr_s_y_d",        "rows": 4, "cols": 5, "w":  7, "h":  7, "from": 15, "to": 19},
		{"file_name": "images/base/blt_enemy_01.png",   "frame_name": "blt_enemy_01",     "rows": 1, "cols": 6, "w":  3, "h":  9, "from":  0, "to":  5},
		{"file_name": "images/base/blt_enemy_02.png",   "frame_name": "blt_enemy_02",     "rows": 1, "cols": 6, "w":  3, "h":  9, "from":  0, "to":  5},
		{"file_name": "images/base/blt_player_01.png",  "frame_name": "blt_player_01",    "rows": 1, "cols": 1, "w":  3, "h":  9, "from":  0, "to":  0},
		{"file_name": "images/base/blt_spread.png",     "frame_name": "blt_spread",       "rows": 1, "cols": 4, "w":  5, "h":  5, "from":  0, "to":  3},
		{"file_name": "images/base/coin_01.png",        "frame_name": "coin_01",          "rows": 1, "cols": 6, "w":  9, "h":  9, "from":  0, "to":  5},
		{"file_name": "images/base/exp_m_01.png",       "frame_name": "exp_m_01",         "rows": 1, "cols": 6, "w": 32, "h": 32, "from":  0, "to":  5},
		{"file_name": "images/base/exp_m_02.png",       "frame_name": "exp_m_02",         "rows": 1, "cols": 6, "w": 32, "h": 32, "from":  0, "to":  5},
		{"file_name": "images/base/exp_s_01.png",       "frame_name": "exp_s_01",         "rows": 1, "cols": 6, "w": 15, "h": 15, "from":  0, "to":  5},
		{"file_name": "images/base/exp_s_02.png",       "frame_name": "exp_s_02",         "rows": 1, "cols": 8, "w": 15, "h": 15, "from":  0, "to":  7},
		{"file_name": "images/base/flakes_01.png",      "frame_name": "flk_s_b_r",        "rows": 1, "cols": 4, "w":  4, "h":  4, "from":  0, "to":  3},
		{"file_name": "images/base/flakes_01.png",      "frame_name": "flk_s_b_l",        "rows": 2, "cols": 4, "w":  4, "h":  4, "from":  4, "to":  7},
		{"file_name": "images/base/flakes_01.png",      "frame_name": "flk_s_g_r",        "rows": 3, "cols": 4, "w":  4, "h":  4, "from":  8, "to": 11},
		{"file_name": "images/base/flakes_01.png",      "frame_name": "flk_s_g_l",        "rows": 4, "cols": 4, "w":  4, "h":  4, "from": 12, "to": 15},
		{"file_name": "images/base/flakes_01.png",      "frame_name": "flk_s_r_r",        "rows": 5, "cols": 4, "w":  4, "h":  4, "from": 16, "to": 19},
		{"file_name": "images/base/flakes_01.png",      "frame_name": "flk_s_r_l",        "rows": 6, "cols": 4, "w":  4, "h":  4, "from": 20, "to": 23},
		{"file_name": "images/base/flakes_01.png",      "frame_name": "flk_t_b_r",        "rows": 7, "cols": 4, "w":  4, "h":  4, "from": 24, "to": 27},
		{"file_name": "images/base/flakes_01.png",      "frame_name": "flk_t_b_l",        "rows": 8, "cols": 4, "w":  4, "h":  4, "from": 28, "to": 31},
		{"file_name": "images/base/flakes_01.png",      "frame_name": "flk_t_g_r",        "rows": 9, "cols": 4, "w":  4, "h":  4, "from": 32, "to": 35},
		{"file_name": "images/base/flakes_01.png",      "frame_name": "flk_t_g_l",        "rows":10, "cols": 4, "w":  4, "h":  4, "from": 36, "to": 39},
		{"file_name": "images/base/flakes_01.png",      "frame_name": "flk_t_r_r",        "rows":11, "cols": 4, "w":  4, "h":  4, "from": 40, "to": 43},
		{"file_name": "images/base/flakes_01.png",      "frame_name": "flk_t_r_l",        "rows":12, "cols": 4, "w":  4, "h":  4, "from": 44, "to": 47},
		{"file_name": "images/base/hand_tap_01.png",    "frame_name": "hand_tap_01",      "rows": 1, "cols": 5, "w": 32, "h": 32, "from":  0, "to":  4},
		{"file_name": "images/base/heart_01.png",       "frame_name": "heart_01",         "rows": 1, "cols": 6, "w": 13, "h": 13, "from":  0, "to":  5},
		{"file_name": "images/base/noframe_01.png",     "frame_name": "noframe",          "rows": 1, "cols": 5, "w": 16, "h": 16, "from":  0, "to":  4},
		{"file_name": "images/base/marker_16x16.png",   "frame_name": "marker_16x16",     "rows": 1, "cols": 5, "w": 16, "h": 16, "from":  0, "to":  4},
		{"file_name": "images/base/spawner_01.png",     "frame_name": "spawner_01",       "rows": 2, "cols": 5, "w": 24, "h": 24, "from":  0, "to":  9},
		{"file_name": "images/base/spawner_02.png",     "frame_name": "spawner_02",       "rows": 2, "cols": 5, "w": 24, "h": 24, "from":  0, "to":  9},
		{"file_name": "images/base/zzz_01.png",         "frame_name": "zzz_01",           "rows": 7, "cols": 1, "w": 18, "h":  5, "from":  0, "to":  6},

		{"file_name": "images/base/smk_m_01.png",       "frame_name": "smk_m_01",         "rows": 2, "cols": 6, "w": 50, "h": 50, "from":  0, "to": 11},
		{"file_name": "images/base/smk_m_02.png",       "frame_name": "smk_m_02",         "rows": 3, "cols": 6, "w": 50, "h": 50, "from":  0, "to": 17},
		{"file_name": "images/base/smk_s_01.png",       "frame_name": "smk_s_01",         "rows": 1, "cols": 6, "w": 16, "h": 16, "from":  0, "to":  5},
		{"file_name": "images/base/smk_s_02.png",       "frame_name": "smk_s_02",         "rows": 2, "cols": 6, "w": 16, "h": 16, "from":  0, "to": 11},
	
		{"file_name": "images/break/bomb_m_01.png",     "frame_name": "block_bomb_m_01",  "rows": 1, "cols": 6, "w": 12, "h": 12, "from":  0, "to":  5},
		{"file_name": "images/break/bomb_s_01.png",     "frame_name": "block_bomb_s_01",  "rows": 1, "cols":15, "w":  4, "h":  4, "from":  0, "to": 14},

		{"file_name": "images/foods/i_foods_01.png",    "frame_name": "i_apple",          "rows": 1, "cols":10, "w":  8, "h":  8, "from":  0, "to":  9},
		{"file_name": "images/foods/i_foods_01.png",    "frame_name": "i_banana",         "rows": 2, "cols":10, "w":  8, "h":  8, "from": 10, "to": 19},
		{"file_name": "images/foods/i_foods_01.png",    "frame_name": "i_bberry",         "rows": 3, "cols":10, "w":  8, "h":  8, "from": 20, "to": 29},
		{"file_name": "images/foods/i_foods_01.png",    "frame_name": "i_broccoli",       "rows": 4, "cols":10, "w":  8, "h":  8, "from": 30, "to": 39},
		{"file_name": "images/foods/i_foods_01.png",    "frame_name": "i_cabbage",        "rows": 5, "cols":10, "w":  8, "h":  8, "from": 40, "to": 49},
		{"file_name": "images/foods/i_foods_01.png",    "frame_name": "i_carrot",         "rows": 6, "cols":10, "w":  8, "h":  8, "from": 50, "to": 59},
		{"file_name": "images/foods/i_foods_01.png",    "frame_name": "i_cherry",         "rows": 7, "cols":10, "w":  8, "h":  8, "from": 60, "to": 69},
		{"file_name": "images/foods/i_foods_01.png",    "frame_name": "i_corn",           "rows": 8, "cols":10, "w":  8, "h":  8, "from": 70, "to": 79},
		{"file_name": "images/foods/i_foods_01.png",    "frame_name": "i_eggplant",       "rows": 9, "cols":10, "w":  8, "h":  8, "from": 80, "to": 89},
		{"file_name": "images/foods/i_foods_01.png",    "frame_name": "i_greenpep",       "rows":10, "cols":10, "w":  8, "h":  8, "from": 90, "to": 99},
		{"file_name": "images/foods/i_foods_01.png",    "frame_name": "i_leek",           "rows":11, "cols":10, "w":  8, "h":  8, "from":100, "to":109},
		{"file_name": "images/foods/i_foods_01.png",    "frame_name": "i_lemon",          "rows":12, "cols":10, "w":  8, "h":  8, "from":110, "to":119},
		{"file_name": "images/foods/i_foods_01.png",    "frame_name": "i_onion",          "rows":13, "cols":10, "w":  8, "h":  8, "from":120, "to":129},
		{"file_name": "images/foods/i_foods_01.png",    "frame_name": "i_orange",         "rows":14, "cols":10, "w":  8, "h":  8, "from":130, "to":139},
		{"file_name": "images/foods/i_foods_01.png",    "frame_name": "i_peach",          "rows":15, "cols":10, "w":  8, "h":  8, "from":140, "to":149},
		{"file_name": "images/foods/i_foods_01.png",    "frame_name": "i_persimmon",      "rows":16, "cols":10, "w":  8, "h":  8, "from":150, "to":159},
		{"file_name": "images/foods/i_foods_01.png",    "frame_name": "i_pumpkin",        "rows":17, "cols":10, "w":  8, "h":  8, "from":160, "to":169},
		{"file_name": "images/foods/i_foods_01.png",    "frame_name": "i_radish",         "rows":18, "cols":10, "w":  8, "h":  8, "from":170, "to":179},
		{"file_name": "images/foods/i_foods_01.png",    "frame_name": "i_redhot",         "rows":19, "cols":10, "w":  8, "h":  8, "from":180, "to":189},
		{"file_name": "images/foods/i_foods_01.png",    "frame_name": "i_sberry",         "rows":20, "cols":10, "w":  8, "h":  8, "from":190, "to":199},
		{"file_name": "images/foods/i_foods_01.png",    "frame_name": "i_soybeans",       "rows":21, "cols":10, "w":  8, "h":  8, "from":200, "to":209},
		{"file_name": "images/foods/i_foods_01.png",    "frame_name": "i_tomato",         "rows":22, "cols":10, "w":  8, "h":  8, "from":210, "to":219},
		{"file_name": "images/foods/i_foods_01.png",    "frame_name": "i_wmelon",         "rows":23, "cols":10, "w":  8, "h":  8, "from":220, "to":229},

		{"file_name": "images/grave/bonji_01.png",      "frame_name": "bonji_01",         "rows": 1, "cols": 6, "w": 13, "h": 13, "from":  0, "to":  5},
		{"file_name": "images/grave/bonji_01.png",      "frame_name": "bonji_02",         "rows": 2, "cols": 6, "w": 13, "h": 13, "from":  6, "to": 11},
		{"file_name": "images/grave/bonji_01.png",      "frame_name": "bonji_03",         "rows": 3, "cols": 6, "w": 13, "h": 13, "from": 12, "to": 17},
		{"file_name": "images/grave/bonji_01.png",      "frame_name": "bonji_04",         "rows": 4, "cols": 6, "w": 13, "h": 13, "from": 18, "to": 23},
		{"file_name": "images/grave/bonji_01.png",      "frame_name": "bonji_05",         "rows": 5, "cols": 6, "w": 13, "h": 13, "from": 24, "to": 29},
		{"file_name": "images/grave/bonji_01.png",      "frame_name": "bonji_06",         "rows": 6, "cols": 6, "w": 13, "h": 13, "from": 30, "to": 35},

		{"file_name": "images/grave/gate_01.png",       "frame_name": "gate_01",          "rows": 1, "cols": 8, "w": 16, "h": 16, "from":  0, "to":  7},
		{"file_name": "images/grave/gate_01.png",       "frame_name": "gate_02",          "rows": 2, "cols": 8, "w": 16, "h": 16, "from":  8, "to": 15},
		{"file_name": "images/grave/gate_01.png",       "frame_name": "gate_03",          "rows": 3, "cols": 8, "w": 16, "h": 16, "from": 16, "to": 23},

		{"file_name": "images/grave/i_candle_01.png",   "frame_name": "i_candle",         "rows": 1, "cols": 6, "w":  6, "h": 16, "from":  0, "to":  5},
		{"file_name": "images/grave/i_coin_1_01.png",   "frame_name": "i_coin_1",         "rows": 1, "cols": 5, "w": 16, "h": 16, "from":  0, "to":  4},
		{"file_name": "images/grave/i_coin_2_01.png",   "frame_name": "i_coin_2",         "rows": 1, "cols": 5, "w": 16, "h": 16, "from":  0, "to":  4},
		{"file_name": "images/grave/i_coin_3_01.png",   "frame_name": "i_coin_3",         "rows": 1, "cols": 5, "w": 16, "h": 16, "from":  0, "to":  4},
		{"file_name": "images/grave/i_coins_01.png",    "frame_name": "i_coins",          "rows": 1, "cols": 5, "w": 16, "h": 16, "from":  0, "to":  4},
		{"file_name": "images/grave/i_dot_01.png",      "frame_name": "i_dot",            "rows": 2, "cols": 6, "w": 10, "h": 10, "from":  0, "to": 11},
		{"file_name": "images/grave/i_juzu_01.png",     "frame_name": "i_juzu",           "rows": 1, "cols": 5, "w": 16, "h": 16, "from":  0, "to":  4},
		{"file_name": "images/grave/i_koban_1_01.png",  "frame_name": "i_koban_1",        "rows": 1, "cols": 5, "w": 16, "h": 16, "from":  0, "to":  4},
		{"file_name": "images/grave/i_koban_2_01.png",  "frame_name": "i_koban_2",        "rows": 1, "cols": 5, "w": 16, "h": 16, "from":  0, "to":  4},
		{"file_name": "images/grave/i_koban_3_01.png",  "frame_name": "i_koban_3",        "rows": 1, "cols": 5, "w": 16, "h": 16, "from":  0, "to":  4},
		{"file_name": "images/grave/i_kobans_01.png",   "frame_name": "i_kobans",         "rows": 1, "cols": 5, "w": 16, "h": 16, "from":  0, "to":  4},
		{"file_name": "images/grave/i_mokugyo_01.png",  "frame_name": "i_mokugyo",        "rows": 1, "cols": 5, "w": 16, "h": 16, "from":  0, "to":  4},
		{"file_name": "images/grave/i_monsters_01.png", "frame_name": "i_monsters",       "rows": 1, "cols": 5, "w": 16, "h": 16, "from":  0, "to":  4},
		{"file_name": "images/grave/i_ofuda_01.png",    "frame_name": "i_ofuda",          "rows": 1, "cols": 5, "w": 16, "h": 16, "from":  0, "to":  4},

		{"file_name": "images/ghosts/cho_01.png",        "frame_name": "cho_f",           "rows": 1, "cols": 5, "w": 16, "h": 16, "from":  0, "to":  4},
		{"file_name": "images/ghosts/cho_01.png",        "frame_name": "cho_b",           "rows": 2, "cols": 5, "w": 16, "h": 16, "from":  5, "to":  9},
		{"file_name": "images/ghosts/cho_01.png",        "frame_name": "cho_r",           "rows": 3, "cols": 5, "w": 16, "h": 16, "from": 10, "to": 14},
		{"file_name": "images/ghosts/cho_01.png",        "frame_name": "cho_l",           "rows": 4, "cols": 5, "w": 16, "h": 16, "from": 15, "to": 19},
		{"file_name": "images/ghosts/cho_01.png",        "frame_name": "cho_damage",      "rows": 5, "cols": 5, "w": 16, "h": 16, "from": 20, "to": 24},
		{"file_name": "images/ghosts/cho_01.png",        "frame_name": "cho_byebye",      "rows": 6, "cols": 5, "w": 16, "h": 16, "from": 25, "to": 29},
		{"file_name": "images/ghosts/cho_01.png",        "frame_name": "cho_roll_r",      "rows": 7, "cols": 5, "w": 16, "h": 16, "from": 30, "to": 34},
		{"file_name": "images/ghosts/cho_01.png",        "frame_name": "cho_roll_l",      "rows": 8, "cols": 5, "w": 16, "h": 16, "from": 35, "to": 39},
		{"file_name": "images/ghosts/cho_01.png",        "frame_name": "cho_jump_f",      "rows": 9, "cols": 5, "w": 16, "h": 16, "from": 40, "to": 44},
		{"file_name": "images/ghosts/cho_01.png",        "frame_name": "cho_sleep",       "rows":10, "cols": 5, "w": 16, "h": 16, "from": 45, "to": 49},

		{"file_name": "images/ghosts/dokuro_01.png",     "frame_name": "dokuro_f",        "rows": 1, "cols": 5, "w": 16, "h": 16, "from":  0, "to":  4},
		{"file_name": "images/ghosts/dokuro_01.png",     "frame_name": "dokuro_b",        "rows": 2, "cols": 5, "w": 16, "h": 16, "from":  5, "to":  9},
		{"file_name": "images/ghosts/dokuro_01.png",     "frame_name": "dokuro_r",        "rows": 3, "cols": 5, "w": 16, "h": 16, "from": 10, "to": 14},
		{"file_name": "images/ghosts/dokuro_01.png",     "frame_name": "dokuro_l",        "rows": 4, "cols": 5, "w": 16, "h": 16, "from": 15, "to": 19},
		{"file_name": "images/ghosts/dokuro_01.png",     "frame_name": "dokuro_damage",   "rows": 5, "cols": 5, "w": 16, "h": 16, "from": 20, "to": 24},
		{"file_name": "images/ghosts/dokuro_01.png",     "frame_name": "dokuro_byebye",   "rows": 6, "cols": 5, "w": 16, "h": 16, "from": 25, "to": 29},
		{"file_name": "images/ghosts/dokuro_01.png",     "frame_name": "dokuro_roll_r",   "rows": 7, "cols": 5, "w": 16, "h": 16, "from": 30, "to": 34},
		{"file_name": "images/ghosts/dokuro_01.png",     "frame_name": "dokuro_roll_l",   "rows": 8, "cols": 5, "w": 16, "h": 16, "from": 35, "to": 39},
		{"file_name": "images/ghosts/dokuro_01.png",     "frame_name": "dokuro_jump_f",   "rows": 9, "cols": 5, "w": 16, "h": 16, "from": 40, "to": 44},
		{"file_name": "images/ghosts/dokuro_01.png",     "frame_name": "dokuro_sleep",    "rows":10, "cols": 5, "w": 16, "h": 16, "from": 45, "to": 49},

		{"file_name": "images/ghosts/enma_01.png",       "frame_name": "enma_f",          "rows": 1, "cols": 6, "w": 22, "h": 22, "from":  0, "to":  5},
		{"file_name": "images/ghosts/enma_01.png",       "frame_name": "enma_b",          "rows": 2, "cols": 6, "w": 22, "h": 22, "from":  6, "to": 11},
		{"file_name": "images/ghosts/enma_01.png",       "frame_name": "enma_r",          "rows": 3, "cols": 6, "w": 22, "h": 22, "from": 12, "to": 17},
		{"file_name": "images/ghosts/enma_01.png",       "frame_name": "enma_l",          "rows": 4, "cols": 6, "w": 22, "h": 22, "from": 18, "to": 23},
		{"file_name": "images/ghosts/enma_01.png",       "frame_name": "enma_damage",     "rows": 5, "cols": 6, "w": 22, "h": 22, "from": 24, "to": 29},
		{"file_name": "images/ghosts/enma_01.png",       "frame_name": "enma_byebye",     "rows": 6, "cols": 6, "w": 22, "h": 22, "from": 30, "to": 35},
		{"file_name": "images/ghosts/enma_01.png",       "frame_name": "enma_roll_r",     "rows": 7, "cols": 6, "w": 22, "h": 22, "from": 36, "to": 41},
		{"file_name": "images/ghosts/enma_01.png",       "frame_name": "enma_roll_l",     "rows": 8, "cols": 6, "w": 22, "h": 22, "from": 42, "to": 47},
		{"file_name": "images/ghosts/enma_01.png",       "frame_name": "enma_jump_f",     "rows": 9, "cols": 6, "w": 22, "h": 22, "from": 48, "to": 53},
		{"file_name": "images/ghosts/enma_01.png",       "frame_name": "enma_sleep",      "rows":10, "cols": 6, "w": 22, "h": 22, "from": 54, "to": 59},

		{"file_name": "images/ghosts/hitotsu_01.png",    "frame_name": "hitotsu_f",       "rows": 1, "cols": 5, "w": 16, "h": 16, "from":  0, "to":  4},
		{"file_name": "images/ghosts/hitotsu_01.png",    "frame_name": "hitotsu_b",       "rows": 2, "cols": 5, "w": 16, "h": 16, "from":  5, "to":  9},
		{"file_name": "images/ghosts/hitotsu_01.png",    "frame_name": "hitotsu_r",       "rows": 3, "cols": 5, "w": 16, "h": 16, "from": 10, "to": 14},
		{"file_name": "images/ghosts/hitotsu_01.png",    "frame_name": "hitotsu_l",       "rows": 4, "cols": 5, "w": 16, "h": 16, "from": 15, "to": 19},
		{"file_name": "images/ghosts/hitotsu_01.png",    "frame_name": "hitotsu_damage",  "rows": 5, "cols": 5, "w": 16, "h": 16, "from": 20, "to": 24},
		{"file_name": "images/ghosts/hitotsu_01.png",    "frame_name": "hitotsu_byebye",  "rows": 6, "cols": 5, "w": 16, "h": 16, "from": 25, "to": 29},
		{"file_name": "images/ghosts/hitotsu_01.png",    "frame_name": "hitotsu_roll_r",  "rows": 7, "cols": 5, "w": 16, "h": 16, "from": 30, "to": 34},
		{"file_name": "images/ghosts/hitotsu_01.png",    "frame_name": "hitotsu_roll_l",  "rows": 8, "cols": 5, "w": 16, "h": 16, "from": 35, "to": 39},
		{"file_name": "images/ghosts/hitotsu_01.png",    "frame_name": "hitotsu_jump_f",  "rows": 9, "cols": 5, "w": 16, "h": 16, "from": 40, "to": 44},
		{"file_name": "images/ghosts/hitotsu_01.png",    "frame_name": "hitotsu_sleep",   "rows":10, "cols": 5, "w": 16, "h": 16, "from": 45, "to": 49},

		{"file_name": "images/ghosts/hitodama_01.png",   "frame_name": "hitodama",        "rows": 1, "cols": 4, "w":  6, "h": 10, "from":  0, "to":  3},

		{"file_name": "images/ghosts/ittan_01.png",      "frame_name": "ittan_f",         "rows": 1, "cols": 8, "w": 18, "h": 20, "from":  0, "to":  7},
		{"file_name": "images/ghosts/ittan_01.png",      "frame_name": "ittan_b",         "rows": 2, "cols": 8, "w": 18, "h": 20, "from":  8, "to": 15},
		{"file_name": "images/ghosts/ittan_01.png",      "frame_name": "ittan_r",         "rows": 3, "cols": 8, "w": 18, "h": 20, "from": 16, "to": 23},
		{"file_name": "images/ghosts/ittan_01.png",      "frame_name": "ittan_l",         "rows": 4, "cols": 8, "w": 18, "h": 20, "from": 24, "to": 31},
		{"file_name": "images/ghosts/ittan_01.png",      "frame_name": "ittan_damage",    "rows": 5, "cols": 8, "w": 18, "h": 20, "from": 32, "to": 39},
		{"file_name": "images/ghosts/ittan_01.png",      "frame_name": "ittan_byebye",    "rows": 6, "cols": 8, "w": 18, "h": 20, "from": 40, "to": 47},
		{"file_name": "images/ghosts/ittan_01.png",      "frame_name": "ittan_roll_r",    "rows": 7, "cols": 8, "w": 18, "h": 20, "from": 48, "to": 55},
		{"file_name": "images/ghosts/ittan_01.png",      "frame_name": "ittan_roll_l",    "rows": 8, "cols": 8, "w": 18, "h": 20, "from": 56, "to": 63},
		{"file_name": "images/ghosts/ittan_01.png",      "frame_name": "ittan_jump_f",    "rows": 9, "cols": 8, "w": 18, "h": 20, "from": 64, "to": 71},
		{"file_name": "images/ghosts/ittan_01.png",      "frame_name": "ittan_sleep",     "rows":10, "cols": 8, "w": 18, "h": 20, "from": 72, "to": 79},

		{"file_name": "images/ghosts/jumper_28x14.png",  "frame_name": "jumper_28_w",     "rows": 1, "cols": 5, "w": 28, "h": 14, "from":  0, "to":  4},
		{"file_name": "images/ghosts/jumper_28x14.png",  "frame_name": "jumper_28_r",     "rows": 2, "cols": 5, "w": 28, "h": 14, "from":  5, "to":  9},
		{"file_name": "images/ghosts/jumper_28x14.png",  "frame_name": "jumper_28_g",     "rows": 3, "cols": 5, "w": 28, "h": 14, "from": 10, "to": 14},
		{"file_name": "images/ghosts/jumper_28x14.png",  "frame_name": "jumper_28_b",     "rows": 4, "cols": 5, "w": 28, "h": 14, "from": 15, "to": 19},
		{"file_name": "images/ghosts/jumper_42x14.png",  "frame_name": "jumper_42_w",     "rows": 1, "cols": 5, "w": 42, "h": 14, "from":  0, "to":  4},
		{"file_name": "images/ghosts/jumper_42x14.png",  "frame_name": "jumper_42_r",     "rows": 2, "cols": 5, "w": 42, "h": 14, "from":  5, "to":  9},
		{"file_name": "images/ghosts/jumper_42x14.png",  "frame_name": "jumper_42_g",     "rows": 3, "cols": 5, "w": 42, "h": 14, "from": 10, "to": 14},
		{"file_name": "images/ghosts/jumper_42x14.png",  "frame_name": "jumper_42_b",     "rows": 4, "cols": 5, "w": 42, "h": 14, "from": 15, "to": 19},
		
		{"file_name": "images/ghosts/kabe_01.png",       "frame_name": "kabe_f",          "rows": 1, "cols": 6, "w": 22, "h": 22, "from":  0, "to":  5},
		{"file_name": "images/ghosts/kabe_01.png",       "frame_name": "kabe_b",          "rows": 2, "cols": 6, "w": 22, "h": 22, "from":  6, "to": 11},
		{"file_name": "images/ghosts/kabe_01.png",       "frame_name": "kabe_r",          "rows": 3, "cols": 6, "w": 22, "h": 22, "from": 12, "to": 17},
		{"file_name": "images/ghosts/kabe_01.png",       "frame_name": "kabe_l",          "rows": 4, "cols": 6, "w": 22, "h": 22, "from": 18, "to": 23},
		{"file_name": "images/ghosts/kabe_01.png",       "frame_name": "kabe_damage",     "rows": 5, "cols": 6, "w": 22, "h": 22, "from": 24, "to": 29},
		{"file_name": "images/ghosts/kabe_01.png",       "frame_name": "kabe_byebye",     "rows": 6, "cols": 6, "w": 22, "h": 22, "from": 30, "to": 35},
		{"file_name": "images/ghosts/kabe_01.png",       "frame_name": "kabe_roll_r",     "rows": 7, "cols": 6, "w": 22, "h": 22, "from": 36, "to": 41},
		{"file_name": "images/ghosts/kabe_01.png",       "frame_name": "kabe_roll_l",     "rows": 8, "cols": 6, "w": 22, "h": 22, "from": 42, "to": 47},
		{"file_name": "images/ghosts/kabe_01.png",       "frame_name": "kabe_jump_f",     "rows": 9, "cols": 6, "w": 22, "h": 22, "from": 48, "to": 53},
		{"file_name": "images/ghosts/kabe_01.png",       "frame_name": "kabe_sleep",      "rows":10, "cols": 6, "w": 22, "h": 22, "from": 54, "to": 59},

		{"file_name": "images/ghosts/kappa_01.png",      "frame_name": "kappa_f",         "rows": 1, "cols": 5, "w": 16, "h": 16, "from":  0, "to":  4},
		{"file_name": "images/ghosts/kappa_01.png",      "frame_name": "kappa_b",         "rows": 2, "cols": 5, "w": 16, "h": 16, "from":  5, "to":  9},
		{"file_name": "images/ghosts/kappa_01.png",      "frame_name": "kappa_r",         "rows": 3, "cols": 5, "w": 16, "h": 16, "from": 10, "to": 14},
		{"file_name": "images/ghosts/kappa_01.png",      "frame_name": "kappa_l",         "rows": 4, "cols": 5, "w": 16, "h": 16, "from": 15, "to": 19},
		{"file_name": "images/ghosts/kappa_01.png",      "frame_name": "kappa_damage",    "rows": 5, "cols": 5, "w": 16, "h": 16, "from": 20, "to": 24},
		{"file_name": "images/ghosts/kappa_01.png",      "frame_name": "kappa_byebye",    "rows": 6, "cols": 5, "w": 16, "h": 16, "from": 25, "to": 29},
		{"file_name": "images/ghosts/kappa_01.png",      "frame_name": "kappa_roll_r",    "rows": 7, "cols": 5, "w": 16, "h": 16, "from": 30, "to": 34},
		{"file_name": "images/ghosts/kappa_01.png",      "frame_name": "kappa_roll_l",    "rows": 8, "cols": 5, "w": 16, "h": 16, "from": 35, "to": 39},
		{"file_name": "images/ghosts/kappa_01.png",      "frame_name": "kappa_jump_f",    "rows": 9, "cols": 5, "w": 16, "h": 16, "from": 40, "to": 44},
		{"file_name": "images/ghosts/kappa_01.png",      "frame_name": "kappa_sleep",     "rows":10, "cols": 5, "w": 16, "h": 16, "from": 45, "to": 49},

		{"file_name": "images/ghosts/karasu_01.png",     "frame_name": "karasu_f",        "rows": 1, "cols": 5, "w": 16, "h": 16, "from":  0, "to":  4},
		{"file_name": "images/ghosts/karasu_01.png",     "frame_name": "karasu_b",        "rows": 2, "cols": 5, "w": 16, "h": 16, "from":  5, "to":  9},
		{"file_name": "images/ghosts/karasu_01.png",     "frame_name": "karasu_r",        "rows": 3, "cols": 5, "w": 16, "h": 16, "from": 10, "to": 14},
		{"file_name": "images/ghosts/karasu_01.png",     "frame_name": "karasu_l",        "rows": 4, "cols": 5, "w": 16, "h": 16, "from": 15, "to": 19},
		{"file_name": "images/ghosts/karasu_01.png",     "frame_name": "karasu_damage",   "rows": 5, "cols": 5, "w": 16, "h": 16, "from": 20, "to": 24},
		{"file_name": "images/ghosts/karasu_01.png",     "frame_name": "karasu_byebye",   "rows": 6, "cols": 5, "w": 16, "h": 16, "from": 25, "to": 29},
		{"file_name": "images/ghosts/karasu_01.png",     "frame_name": "karasu_roll_r",   "rows": 7, "cols": 5, "w": 16, "h": 16, "from": 30, "to": 34},
		{"file_name": "images/ghosts/karasu_01.png",     "frame_name": "karasu_roll_l",   "rows": 8, "cols": 5, "w": 16, "h": 16, "from": 35, "to": 39},
		{"file_name": "images/ghosts/karasu_01.png",     "frame_name": "karasu_jump_f",   "rows": 9, "cols": 5, "w": 16, "h": 16, "from": 40, "to": 44},
		{"file_name": "images/ghosts/karasu_01.png",     "frame_name": "karasu_sleep",    "rows":10, "cols": 5, "w": 16, "h": 16, "from": 45, "to": 49},

		{"file_name": "images/ghosts/kasa_01.png",       "frame_name": "kasa_f",          "rows": 1, "cols": 5, "w": 16, "h": 16, "from":  0, "to":  4},
		{"file_name": "images/ghosts/kasa_01.png",       "frame_name": "kasa_b",          "rows": 2, "cols": 5, "w": 16, "h": 16, "from":  5, "to":  9},
		{"file_name": "images/ghosts/kasa_01.png",       "frame_name": "kasa_r",          "rows": 3, "cols": 5, "w": 16, "h": 16, "from": 10, "to": 14},
		{"file_name": "images/ghosts/kasa_01.png",       "frame_name": "kasa_l",          "rows": 4, "cols": 5, "w": 16, "h": 16, "from": 15, "to": 19},
		{"file_name": "images/ghosts/kasa_01.png",       "frame_name": "kasa_damage",     "rows": 5, "cols": 5, "w": 16, "h": 16, "from": 20, "to": 24},
		{"file_name": "images/ghosts/kasa_01.png",       "frame_name": "kasa_byebye",     "rows": 6, "cols": 5, "w": 16, "h": 16, "from": 25, "to": 29},
		{"file_name": "images/ghosts/kasa_01.png",       "frame_name": "kasa_roll_r",     "rows": 7, "cols": 5, "w": 16, "h": 16, "from": 30, "to": 34},
		{"file_name": "images/ghosts/kasa_01.png",       "frame_name": "kasa_roll_l",     "rows": 8, "cols": 5, "w": 16, "h": 16, "from": 35, "to": 39},
		{"file_name": "images/ghosts/kasa_01.png",       "frame_name": "kasa_jump_f",     "rows": 9, "cols": 5, "w": 16, "h": 16, "from": 40, "to": 44},
		{"file_name": "images/ghosts/kasa_01.png",       "frame_name": "kasa_sleep",      "rows":10, "cols": 5, "w": 16, "h": 16, "from": 45, "to": 49},

		{"file_name": "images/ghosts/kona_01.png",       "frame_name": "kona_f",          "rows": 1, "cols": 5, "w": 16, "h": 16, "from":  0, "to":  4},
		{"file_name": "images/ghosts/kona_01.png",       "frame_name": "kona_b",          "rows": 2, "cols": 5, "w": 16, "h": 16, "from":  5, "to":  9},
		{"file_name": "images/ghosts/kona_01.png",       "frame_name": "kona_r",          "rows": 3, "cols": 5, "w": 16, "h": 16, "from": 10, "to": 14},
		{"file_name": "images/ghosts/kona_01.png",       "frame_name": "kona_l",          "rows": 4, "cols": 5, "w": 16, "h": 16, "from": 15, "to": 19},
		{"file_name": "images/ghosts/kona_01.png",       "frame_name": "kona_damage",     "rows": 5, "cols": 5, "w": 16, "h": 16, "from": 20, "to": 24},
		{"file_name": "images/ghosts/kona_01.png",       "frame_name": "kona_byebye",     "rows": 6, "cols": 5, "w": 16, "h": 16, "from": 25, "to": 29},
		{"file_name": "images/ghosts/kona_01.png",       "frame_name": "kona_roll_r",     "rows": 7, "cols": 5, "w": 16, "h": 16, "from": 30, "to": 34},
		{"file_name": "images/ghosts/kona_01.png",       "frame_name": "kona_roll_l",     "rows": 8, "cols": 5, "w": 16, "h": 16, "from": 35, "to": 39},
		{"file_name": "images/ghosts/kona_01.png",       "frame_name": "kona_jump_f",     "rows": 9, "cols": 5, "w": 16, "h": 16, "from": 40, "to": 44},
		{"file_name": "images/ghosts/kona_01.png",       "frame_name": "kona_sleep",      "rows":10, "cols": 5, "w": 16, "h": 16, "from": 45, "to": 49},

		{"file_name": "images/ghosts/musha_d_01.png",    "frame_name": "musha_d_f",       "rows": 1, "cols": 5, "w": 16, "h": 16, "from":  0, "to":  4},
		{"file_name": "images/ghosts/musha_d_01.png",    "frame_name": "musha_d_b",       "rows": 2, "cols": 5, "w": 16, "h": 16, "from":  5, "to":  9},
		{"file_name": "images/ghosts/musha_d_01.png",    "frame_name": "musha_d_r",       "rows": 3, "cols": 5, "w": 16, "h": 16, "from": 10, "to": 14},
		{"file_name": "images/ghosts/musha_d_01.png",    "frame_name": "musha_d_l",       "rows": 4, "cols": 5, "w": 16, "h": 16, "from": 15, "to": 19},
		{"file_name": "images/ghosts/musha_d_01.png",    "frame_name": "musha_d_damage",  "rows": 5, "cols": 5, "w": 16, "h": 16, "from": 20, "to": 24},
		{"file_name": "images/ghosts/musha_d_01.png",    "frame_name": "musha_d_byebye",  "rows": 6, "cols": 5, "w": 16, "h": 16, "from": 25, "to": 29},
		{"file_name": "images/ghosts/musha_d_01.png",    "frame_name": "musha_d_roll_r",  "rows": 7, "cols": 5, "w": 16, "h": 16, "from": 30, "to": 34},
		{"file_name": "images/ghosts/musha_d_01.png",    "frame_name": "musha_d_roll_l",  "rows": 8, "cols": 5, "w": 16, "h": 16, "from": 35, "to": 39},
		{"file_name": "images/ghosts/musha_d_01.png",    "frame_name": "musha_d_jump_f",  "rows": 9, "cols": 5, "w": 16, "h": 16, "from": 40, "to": 44},
		{"file_name": "images/ghosts/musha_d_01.png",    "frame_name": "musha_d_sleep",   "rows":10, "cols": 5, "w": 16, "h": 16, "from": 45, "to": 49},

		{"file_name": "images/ghosts/obake_01.png",      "frame_name": "obake_a_f",       "rows": 1, "cols": 5, "w":  8, "h": 12, "from":  0, "to":  4},
		{"file_name": "images/ghosts/obake_01.png",      "frame_name": "obake_a_b",       "rows": 2, "cols": 5, "w":  8, "h": 12, "from":  5, "to":  9},
		{"file_name": "images/ghosts/obake_01.png",      "frame_name": "obake_a_r",       "rows": 3, "cols": 5, "w":  8, "h": 12, "from": 10, "to": 14},
		{"file_name": "images/ghosts/obake_01.png",      "frame_name": "obake_a_l",       "rows": 4, "cols": 5, "w":  8, "h": 12, "from": 15, "to": 19},
		{"file_name": "images/ghosts/obake_01.png",      "frame_name": "obake_a_damage",  "rows": 5, "cols": 5, "w":  8, "h": 12, "from": 20, "to": 24},
		{"file_name": "images/ghosts/obake_01.png",      "frame_name": "obake_a_byebye",  "rows": 6, "cols": 5, "w":  8, "h": 12, "from": 25, "to": 29},
		{"file_name": "images/ghosts/obake_01.png",      "frame_name": "obake_a_roll_r",  "rows": 7, "cols": 5, "w":  8, "h": 12, "from": 30, "to": 34},
		{"file_name": "images/ghosts/obake_01.png",      "frame_name": "obake_a_roll_l",  "rows": 8, "cols": 5, "w":  8, "h": 12, "from": 35, "to": 39},
		{"file_name": "images/ghosts/obake_01.png",      "frame_name": "obake_a_jump_f",  "rows": 9, "cols": 5, "w":  8, "h": 12, "from": 40, "to": 44},
		{"file_name": "images/ghosts/obake_01.png",      "frame_name": "obake_a_sleep",   "rows":10, "cols": 5, "w":  8, "h": 12, "from": 45, "to": 49},

		{"file_name": "images/ghosts/obake_02.png",      "frame_name": "obake_b_f",       "rows": 1, "cols": 5, "w": 12, "h": 14, "from":  0, "to":  4},
		{"file_name": "images/ghosts/obake_02.png",      "frame_name": "obake_b_b",       "rows": 2, "cols": 5, "w": 12, "h": 14, "from":  5, "to":  9},
		{"file_name": "images/ghosts/obake_02.png",      "frame_name": "obake_b_r",       "rows": 3, "cols": 5, "w": 12, "h": 14, "from": 10, "to": 14},
		{"file_name": "images/ghosts/obake_02.png",      "frame_name": "obake_b_l",       "rows": 4, "cols": 5, "w": 12, "h": 14, "from": 15, "to": 19},
		{"file_name": "images/ghosts/obake_02.png",      "frame_name": "obake_b_damage",  "rows": 5, "cols": 5, "w": 12, "h": 14, "from": 20, "to": 24},
		{"file_name": "images/ghosts/obake_02.png",      "frame_name": "obake_b_byebye",  "rows": 6, "cols": 5, "w": 12, "h": 14, "from": 25, "to": 29},
		{"file_name": "images/ghosts/obake_02.png",      "frame_name": "obake_b_roll_r",  "rows": 7, "cols": 5, "w": 12, "h": 14, "from": 30, "to": 34},
		{"file_name": "images/ghosts/obake_02.png",      "frame_name": "obake_b_roll_l",  "rows": 8, "cols": 5, "w": 12, "h": 14, "from": 35, "to": 39},
		{"file_name": "images/ghosts/obake_02.png",      "frame_name": "obake_b_jump_f",  "rows": 9, "cols": 5, "w": 12, "h": 14, "from": 40, "to": 44},
		{"file_name": "images/ghosts/obake_02.png",      "frame_name": "obake_b_sleep",   "rows":10, "cols": 5, "w": 12, "h": 14, "from": 45, "to": 49},

		{"file_name": "images/ghosts/oni_b_01.png",      "frame_name": "oni_b_f",         "rows": 1, "cols": 5, "w": 16, "h": 16, "from":  0, "to":  4},
		{"file_name": "images/ghosts/oni_b_01.png",      "frame_name": "oni_b_b",         "rows": 2, "cols": 5, "w": 16, "h": 16, "from":  5, "to":  9},
		{"file_name": "images/ghosts/oni_b_01.png",      "frame_name": "oni_b_r",         "rows": 3, "cols": 5, "w": 16, "h": 16, "from": 10, "to": 14},
		{"file_name": "images/ghosts/oni_b_01.png",      "frame_name": "oni_b_l",         "rows": 4, "cols": 5, "w": 16, "h": 16, "from": 15, "to": 19},
		{"file_name": "images/ghosts/oni_b_01.png",      "frame_name": "oni_b_damage",    "rows": 5, "cols": 5, "w": 16, "h": 16, "from": 20, "to": 24},
		{"file_name": "images/ghosts/oni_b_01.png",      "frame_name": "oni_b_byebye",    "rows": 6, "cols": 5, "w": 16, "h": 16, "from": 25, "to": 29},
		{"file_name": "images/ghosts/oni_b_01.png",      "frame_name": "oni_b_roll_r",    "rows": 7, "cols": 5, "w": 16, "h": 16, "from": 30, "to": 34},
		{"file_name": "images/ghosts/oni_b_01.png",      "frame_name": "oni_b_roll_l",    "rows": 8, "cols": 5, "w": 16, "h": 16, "from": 35, "to": 39},
		{"file_name": "images/ghosts/oni_b_01.png",      "frame_name": "oni_b_jump_f",    "rows": 9, "cols": 5, "w": 16, "h": 16, "from": 40, "to": 44},
		{"file_name": "images/ghosts/oni_b_01.png",      "frame_name": "oni_b_sleep",     "rows":10, "cols": 5, "w": 16, "h": 16, "from": 45, "to": 49},

		{"file_name": "images/ghosts/oni_g_01.png",      "frame_name": "oni_g_f",         "rows": 1, "cols": 5, "w": 16, "h": 16, "from":  0, "to":  4},
		{"file_name": "images/ghosts/oni_g_01.png",      "frame_name": "oni_g_b",         "rows": 2, "cols": 5, "w": 16, "h": 16, "from":  5, "to":  9},
		{"file_name": "images/ghosts/oni_g_01.png",      "frame_name": "oni_g_r",         "rows": 3, "cols": 5, "w": 16, "h": 16, "from": 10, "to": 14},
		{"file_name": "images/ghosts/oni_g_01.png",      "frame_name": "oni_g_l",         "rows": 4, "cols": 5, "w": 16, "h": 16, "from": 15, "to": 19},
		{"file_name": "images/ghosts/oni_g_01.png",      "frame_name": "oni_g_damage",    "rows": 5, "cols": 5, "w": 16, "h": 16, "from": 20, "to": 24},
		{"file_name": "images/ghosts/oni_g_01.png",      "frame_name": "oni_g_byebye",    "rows": 6, "cols": 5, "w": 16, "h": 16, "from": 25, "to": 29},
		{"file_name": "images/ghosts/oni_g_01.png",      "frame_name": "oni_g_roll_r",    "rows": 7, "cols": 5, "w": 16, "h": 16, "from": 30, "to": 34},
		{"file_name": "images/ghosts/oni_g_01.png",      "frame_name": "oni_g_roll_l",    "rows": 8, "cols": 5, "w": 16, "h": 16, "from": 35, "to": 39},
		{"file_name": "images/ghosts/oni_g_01.png",      "frame_name": "oni_g_jump_f",    "rows": 9, "cols": 5, "w": 16, "h": 16, "from": 40, "to": 44},
		{"file_name": "images/ghosts/oni_g_01.png",      "frame_name": "oni_g_sleep",     "rows":10, "cols": 5, "w": 16, "h": 16, "from": 45, "to": 49},

		{"file_name": "images/ghosts/oni_r_01.png",      "frame_name": "oni_r_f",         "rows": 1, "cols": 5, "w": 16, "h": 16, "from":  0, "to":  4},
		{"file_name": "images/ghosts/oni_r_01.png",      "frame_name": "oni_r_b",         "rows": 2, "cols": 5, "w": 16, "h": 16, "from":  5, "to":  9},
		{"file_name": "images/ghosts/oni_r_01.png",      "frame_name": "oni_r_r",         "rows": 3, "cols": 5, "w": 16, "h": 16, "from": 10, "to": 14},
		{"file_name": "images/ghosts/oni_r_01.png",      "frame_name": "oni_r_l",         "rows": 4, "cols": 5, "w": 16, "h": 16, "from": 15, "to": 19},
		{"file_name": "images/ghosts/oni_r_01.png",      "frame_name": "oni_r_damage",    "rows": 5, "cols": 5, "w": 16, "h": 16, "from": 20, "to": 24},
		{"file_name": "images/ghosts/oni_r_01.png",      "frame_name": "oni_r_byebye",    "rows": 6, "cols": 5, "w": 16, "h": 16, "from": 25, "to": 29},
		{"file_name": "images/ghosts/oni_r_01.png",      "frame_name": "oni_r_roll_r",    "rows": 7, "cols": 5, "w": 16, "h": 16, "from": 30, "to": 34},
		{"file_name": "images/ghosts/oni_r_01.png",      "frame_name": "oni_r_roll_l",    "rows": 8, "cols": 5, "w": 16, "h": 16, "from": 35, "to": 39},
		{"file_name": "images/ghosts/oni_r_01.png",      "frame_name": "oni_r_jump_f",    "rows": 9, "cols": 5, "w": 16, "h": 16, "from": 40, "to": 44},
		{"file_name": "images/ghosts/oni_r_01.png",      "frame_name": "oni_r_sleep",     "rows":10, "cols": 5, "w": 16, "h": 16, "from": 45, "to": 49},

		{"file_name": "images/ghosts/sojo_01.png",       "frame_name": "sojo_f",          "rows": 1, "cols": 5, "w": 16, "h": 16, "from":  0, "to":  4},
		{"file_name": "images/ghosts/sojo_01.png",       "frame_name": "sojo_b",          "rows": 2, "cols": 5, "w": 16, "h": 16, "from":  5, "to":  9},
		{"file_name": "images/ghosts/sojo_01.png",       "frame_name": "sojo_r",          "rows": 3, "cols": 5, "w": 16, "h": 16, "from": 10, "to": 14},
		{"file_name": "images/ghosts/sojo_01.png",       "frame_name": "sojo_l",          "rows": 4, "cols": 5, "w": 16, "h": 16, "from": 15, "to": 19},
		{"file_name": "images/ghosts/sojo_01.png",       "frame_name": "sojo_damage",     "rows": 5, "cols": 5, "w": 16, "h": 16, "from": 20, "to": 24},
		{"file_name": "images/ghosts/sojo_01.png",       "frame_name": "sojo_byebye",     "rows": 6, "cols": 5, "w": 16, "h": 16, "from": 25, "to": 29},
		{"file_name": "images/ghosts/sojo_01.png",       "frame_name": "sojo_roll_r",     "rows": 7, "cols": 5, "w": 16, "h": 16, "from": 30, "to": 34},
		{"file_name": "images/ghosts/sojo_01.png",       "frame_name": "sojo_roll_l",     "rows": 8, "cols": 5, "w": 16, "h": 16, "from": 35, "to": 39},
		{"file_name": "images/ghosts/sojo_01.png",       "frame_name": "sojo_jump_f",     "rows": 9, "cols": 5, "w": 16, "h": 16, "from": 40, "to": 44},
		{"file_name": "images/ghosts/sojo_01.png",       "frame_name": "sojo_sleep",      "rows":10, "cols": 5, "w": 16, "h": 16, "from": 45, "to": 49},

		{"file_name": "images/ghosts/soul_01.png",       "frame_name": "soul_n",          "rows": 1, "cols": 5, "w": 16, "h": 16, "from":  0, "to":  4},
		{"file_name": "images/ghosts/soul_01.png",       "frame_name": "soul_r",          "rows": 2, "cols": 5, "w": 16, "h": 16, "from":  5, "to":  9},
		{"file_name": "images/ghosts/soul_01.png",       "frame_name": "soul_g",          "rows": 3, "cols": 5, "w": 16, "h": 16, "from": 10, "to": 14},
		{"file_name": "images/ghosts/soul_01.png",       "frame_name": "soul_b",          "rows": 4, "cols": 5, "w": 16, "h": 16, "from": 15, "to": 19},
		{"file_name": "images/ghosts/soul_01.png",       "frame_name": "soul_y",          "rows": 5, "cols": 5, "w": 16, "h": 16, "from": 20, "to": 24},
		{"file_name": "images/ghosts/soul_01.png",       "frame_name": "soul_p",          "rows": 6, "cols": 5, "w": 16, "h": 16, "from": 25, "to": 29},

		{"file_name": "images/ghosts/suna_01.png",       "frame_name": "suna_f",          "rows": 1, "cols": 5, "w": 16, "h": 16, "from":  0, "to":  4},
		{"file_name": "images/ghosts/suna_01.png",       "frame_name": "suna_b",          "rows": 2, "cols": 5, "w": 16, "h": 16, "from":  5, "to":  9},
		{"file_name": "images/ghosts/suna_01.png",       "frame_name": "suna_r",          "rows": 3, "cols": 5, "w": 16, "h": 16, "from": 10, "to": 14},
		{"file_name": "images/ghosts/suna_01.png",       "frame_name": "suna_l",          "rows": 4, "cols": 5, "w": 16, "h": 16, "from": 15, "to": 19},
		{"file_name": "images/ghosts/suna_01.png",       "frame_name": "suna_damage",     "rows": 5, "cols": 5, "w": 16, "h": 16, "from": 20, "to": 24},
		{"file_name": "images/ghosts/suna_01.png",       "frame_name": "suna_byebye",     "rows": 6, "cols": 5, "w": 16, "h": 16, "from": 25, "to": 29},
		{"file_name": "images/ghosts/suna_01.png",       "frame_name": "suna_roll_r",     "rows": 7, "cols": 5, "w": 16, "h": 16, "from": 30, "to": 34},
		{"file_name": "images/ghosts/suna_01.png",       "frame_name": "suna_roll_l",     "rows": 8, "cols": 5, "w": 16, "h": 16, "from": 35, "to": 39},
		{"file_name": "images/ghosts/suna_01.png",       "frame_name": "suna_jump_f",     "rows": 9, "cols": 5, "w": 16, "h": 16, "from": 40, "to": 44},
		{"file_name": "images/ghosts/suna_01.png",       "frame_name": "suna_sleep",      "rows":10, "cols": 5, "w": 16, "h": 16, "from": 45, "to": 49},

		{"file_name": "images/ghosts/tengu_01.png",      "frame_name": "tengu_f",         "rows": 1, "cols": 5, "w": 16, "h": 16, "from":  0, "to":  4},
		{"file_name": "images/ghosts/tengu_01.png",      "frame_name": "tengu_b",         "rows": 2, "cols": 5, "w": 16, "h": 16, "from":  5, "to":  9},
		{"file_name": "images/ghosts/tengu_01.png",      "frame_name": "tengu_r",         "rows": 3, "cols": 5, "w": 16, "h": 16, "from": 10, "to": 14},
		{"file_name": "images/ghosts/tengu_01.png",      "frame_name": "tengu_l",         "rows": 4, "cols": 5, "w": 16, "h": 16, "from": 15, "to": 19},
		{"file_name": "images/ghosts/tengu_01.png",      "frame_name": "tengu_damage",    "rows": 5, "cols": 5, "w": 16, "h": 16, "from": 20, "to": 24},
		{"file_name": "images/ghosts/tengu_01.png",      "frame_name": "tengu_byebye",    "rows": 6, "cols": 5, "w": 16, "h": 16, "from": 25, "to": 29},
		{"file_name": "images/ghosts/tengu_01.png",      "frame_name": "tengu_roll_r",    "rows": 7, "cols": 5, "w": 16, "h": 16, "from": 30, "to": 34},
		{"file_name": "images/ghosts/tengu_01.png",      "frame_name": "tengu_roll_l",    "rows": 8, "cols": 5, "w": 16, "h": 16, "from": 35, "to": 39},
		{"file_name": "images/ghosts/tengu_01.png",      "frame_name": "tengu_jump_f",    "rows": 9, "cols": 5, "w": 16, "h": 16, "from": 40, "to": 44},
		{"file_name": "images/ghosts/tengu_01.png",      "frame_name": "tengu_sleep",     "rows":10, "cols": 5, "w": 16, "h": 16, "from": 45, "to": 49},

		{"file_name": "images/ghosts/tsuru_b_01.png",    "frame_name": "tsuru_b_f",       "rows": 1, "cols": 5, "w": 16, "h": 16, "from":  0, "to":  4},
		{"file_name": "images/ghosts/tsuru_b_01.png",    "frame_name": "tsuru_b_b",       "rows": 2, "cols": 5, "w": 16, "h": 16, "from":  5, "to":  9},
		{"file_name": "images/ghosts/tsuru_b_01.png",    "frame_name": "tsuru_b_r",       "rows": 3, "cols": 5, "w": 16, "h": 16, "from": 10, "to": 14},
		{"file_name": "images/ghosts/tsuru_b_01.png",    "frame_name": "tsuru_b_l",       "rows": 4, "cols": 5, "w": 16, "h": 16, "from": 15, "to": 19},
		{"file_name": "images/ghosts/tsuru_b_01.png",    "frame_name": "tsuru_b_damage",  "rows": 5, "cols": 5, "w": 16, "h": 16, "from": 20, "to": 24},
		{"file_name": "images/ghosts/tsuru_b_01.png",    "frame_name": "tsuru_b_byebye",  "rows": 6, "cols": 5, "w": 16, "h": 16, "from": 25, "to": 29},
		{"file_name": "images/ghosts/tsuru_b_01.png",    "frame_name": "tsuru_b_roll_r",  "rows": 7, "cols": 5, "w": 16, "h": 16, "from": 30, "to": 34},
		{"file_name": "images/ghosts/tsuru_b_01.png",    "frame_name": "tsuru_b_roll_l",  "rows": 8, "cols": 5, "w": 16, "h": 16, "from": 35, "to": 39},
		{"file_name": "images/ghosts/tsuru_b_01.png",    "frame_name": "tsuru_b_jump_f",  "rows": 9, "cols": 5, "w": 16, "h": 16, "from": 40, "to": 44},
		{"file_name": "images/ghosts/tsuru_b_01.png",    "frame_name": "tsuru_b_sleep",   "rows":10, "cols": 5, "w": 16, "h": 16, "from": 45, "to": 49},

		{"file_name": "images/ghosts/tsuru_g_01.png",    "frame_name": "tsuru_g_f",       "rows": 1, "cols": 5, "w": 16, "h": 16, "from":  0, "to":  4},
		{"file_name": "images/ghosts/tsuru_g_01.png",    "frame_name": "tsuru_g_b",       "rows": 2, "cols": 5, "w": 16, "h": 16, "from":  5, "to":  9},
		{"file_name": "images/ghosts/tsuru_g_01.png",    "frame_name": "tsuru_g_r",       "rows": 3, "cols": 5, "w": 16, "h": 16, "from": 10, "to": 14},
		{"file_name": "images/ghosts/tsuru_g_01.png",    "frame_name": "tsuru_g_l",       "rows": 4, "cols": 5, "w": 16, "h": 16, "from": 15, "to": 19},
		{"file_name": "images/ghosts/tsuru_g_01.png",    "frame_name": "tsuru_g_damage",  "rows": 5, "cols": 5, "w": 16, "h": 16, "from": 20, "to": 24},
		{"file_name": "images/ghosts/tsuru_g_01.png",    "frame_name": "tsuru_g_byebye",  "rows": 6, "cols": 5, "w": 16, "h": 16, "from": 25, "to": 29},
		{"file_name": "images/ghosts/tsuru_g_01.png",    "frame_name": "tsuru_g_roll_r",  "rows": 7, "cols": 5, "w": 16, "h": 16, "from": 30, "to": 34},
		{"file_name": "images/ghosts/tsuru_g_01.png",    "frame_name": "tsuru_g_roll_l",  "rows": 8, "cols": 5, "w": 16, "h": 16, "from": 35, "to": 39},
		{"file_name": "images/ghosts/tsuru_g_01.png",    "frame_name": "tsuru_g_jump_f",  "rows": 9, "cols": 5, "w": 16, "h": 16, "from": 40, "to": 44},
		{"file_name": "images/ghosts/tsuru_g_01.png",    "frame_name": "tsuru_g_sleep",   "rows":10, "cols": 5, "w": 16, "h": 16, "from": 45, "to": 49},

		{"file_name": "images/ghosts/tsuru_r_01.png",    "frame_name": "tsuru_r_f",       "rows": 1, "cols": 5, "w": 16, "h": 16, "from":  0, "to":  4},
		{"file_name": "images/ghosts/tsuru_r_01.png",    "frame_name": "tsuru_r_b",       "rows": 2, "cols": 5, "w": 16, "h": 16, "from":  5, "to":  9},
		{"file_name": "images/ghosts/tsuru_r_01.png",    "frame_name": "tsuru_r_r",       "rows": 3, "cols": 5, "w": 16, "h": 16, "from": 10, "to": 14},
		{"file_name": "images/ghosts/tsuru_r_01.png",    "frame_name": "tsuru_r_l",       "rows": 4, "cols": 5, "w": 16, "h": 16, "from": 15, "to": 19},
		{"file_name": "images/ghosts/tsuru_r_01.png",    "frame_name": "tsuru_r_damage",  "rows": 5, "cols": 5, "w": 16, "h": 16, "from": 20, "to": 24},
		{"file_name": "images/ghosts/tsuru_r_01.png",    "frame_name": "tsuru_r_byebye",  "rows": 6, "cols": 5, "w": 16, "h": 16, "from": 25, "to": 29},
		{"file_name": "images/ghosts/tsuru_r_01.png",    "frame_name": "tsuru_r_roll_r",  "rows": 7, "cols": 5, "w": 16, "h": 16, "from": 30, "to": 34},
		{"file_name": "images/ghosts/tsuru_r_01.png",    "frame_name": "tsuru_r_roll_l",  "rows": 8, "cols": 5, "w": 16, "h": 16, "from": 35, "to": 39},
		{"file_name": "images/ghosts/tsuru_r_01.png",    "frame_name": "tsuru_r_jump_f",  "rows": 9, "cols": 5, "w": 16, "h": 16, "from": 40, "to": 44},
		{"file_name": "images/ghosts/tsuru_r_01.png",    "frame_name": "tsuru_r_sleep",   "rows":10, "cols": 5, "w": 16, "h": 16, "from": 45, "to": 49},

		{"file_name": "images/ghosts/w_arrow_01.png",    "frame_name": "w_arrow_r",       "rows": 1, "cols": 4, "w": 16, "h":  3, "from":  0, "to":  3},
		{"file_name": "images/ghosts/w_arrow_01.png",    "frame_name": "w_arrow_l",       "rows": 2, "cols": 4, "w": 16, "h":  3, "from":  4, "to":  7},
		{"file_name": "images/ghosts/w_arrow_02.png",    "frame_name": "w_arrow_u",       "rows": 1, "cols": 8, "w":  3, "h": 16, "from":  0, "to":  3},
		{"file_name": "images/ghosts/w_arrow_02.png",    "frame_name": "w_arrow_d",       "rows": 1, "cols": 8, "w":  3, "h": 16, "from":  4, "to":  7},

		{"file_name": "images/ghosts/w_fireball_01.png", "frame_name": "w_fb_r_r",        "rows": 1, "cols": 8, "w": 16, "h": 16, "from":  0, "to":  7},
		{"file_name": "images/ghosts/w_fireball_01.png", "frame_name": "w_fb_r_l",        "rows": 2, "cols": 8, "w": 16, "h": 16, "from":  8, "to": 15},
		{"file_name": "images/ghosts/w_fireball_01.png", "frame_name": "w_fb_r_u",        "rows": 1, "cols": 8, "w": 16, "h": 16, "from":  0, "to":  7},
		{"file_name": "images/ghosts/w_fireball_01.png", "frame_name": "w_fb_r_d",        "rows": 2, "cols": 8, "w": 16, "h": 16, "from":  8, "to": 15},

		{"file_name": "images/ghosts/w_fireball_01.png", "frame_name": "w_fb_g_r",        "rows": 3, "cols": 8, "w": 16, "h": 16, "from": 16, "to": 23},
		{"file_name": "images/ghosts/w_fireball_01.png", "frame_name": "w_fb_g_l",        "rows": 4, "cols": 8, "w": 16, "h": 16, "from": 24, "to": 31},
		{"file_name": "images/ghosts/w_fireball_01.png", "frame_name": "w_fb_g_u",        "rows": 3, "cols": 8, "w": 16, "h": 16, "from": 16, "to": 23},
		{"file_name": "images/ghosts/w_fireball_01.png", "frame_name": "w_fb_g_d",        "rows": 4, "cols": 8, "w": 16, "h": 16, "from": 24, "to": 31},

		{"file_name": "images/ghosts/w_fireball_01.png", "frame_name": "w_fb_b_r",        "rows": 5, "cols": 8, "w": 16, "h": 16, "from": 32, "to": 39},
		{"file_name": "images/ghosts/w_fireball_01.png", "frame_name": "w_fb_b_l",        "rows": 6, "cols": 8, "w": 16, "h": 16, "from": 40, "to": 47},
		{"file_name": "images/ghosts/w_fireball_01.png", "frame_name": "w_fb_b_u",        "rows": 5, "cols": 8, "w": 16, "h": 16, "from": 32, "to": 39},
		{"file_name": "images/ghosts/w_fireball_01.png", "frame_name": "w_fb_b_d",        "rows": 6, "cols": 8, "w": 16, "h": 16, "from": 40, "to": 47},

		{"file_name": "images/ghosts/w_kami_a_01.png",   "frame_name": "w_kami_a_r",      "rows": 2, "cols": 4, "w": 16, "h":  6, "from":  0, "to":  7},
		{"file_name": "images/ghosts/w_kami_a_01.png",   "frame_name": "w_kami_a_l",      "rows": 2, "cols": 4, "w": 16, "h":  6, "from":  0, "to":  7},
		{"file_name": "images/ghosts/w_kami_a_02.png",   "frame_name": "w_kami_a_u",      "rows": 2, "cols": 4, "w":  6, "h": 16, "from":  0, "to":  7},
		{"file_name": "images/ghosts/w_kami_a_02.png",   "frame_name": "w_kami_a_d",      "rows": 2, "cols": 4, "w":  6, "h": 16, "from":  0, "to":  7},

		{"file_name": "images/ghosts/w_kami_b_01.png",   "frame_name": "w_kami_b_r",      "rows": 2, "cols": 4, "w": 16, "h": 16, "from":  0, "to":  7},
		{"file_name": "images/ghosts/w_kami_b_01.png",   "frame_name": "w_kami_b_l",      "rows": 2, "cols": 4, "w": 16, "h": 16, "from":  0, "to":  7},
		{"file_name": "images/ghosts/w_kami_b_01.png",   "frame_name": "w_kami_b_u",      "rows": 2, "cols": 4, "w": 16, "h": 16, "from":  0, "to":  7},
		{"file_name": "images/ghosts/w_kami_b_01.png",   "frame_name": "w_kami_b_d",      "rows": 2, "cols": 4, "w": 16, "h": 16, "from":  0, "to":  7},

		{"file_name": "images/ghosts/w_shuri_01.png",    "frame_name": "w_shuri_r",       "rows": 1, "cols": 4, "w": 10, "h": 10, "from":  0, "to":  3},
		{"file_name": "images/ghosts/w_shuri_01.png",    "frame_name": "w_shuri_l",       "rows": 1, "cols": 4, "w": 10, "h": 10, "from":  0, "to":  3},
		{"file_name": "images/ghosts/w_shuri_01.png",    "frame_name": "w_shuri_u",       "rows": 1, "cols": 4, "w": 10, "h": 10, "from":  0, "to":  3},
		{"file_name": "images/ghosts/w_shuri_01.png",    "frame_name": "w_shuri_d",       "rows": 1, "cols": 4, "w": 10, "h": 10, "from":  0, "to":  3},

		{"file_name": "images/ghosts/w_sand_01.png",     "frame_name": "w_sand_r",        "rows": 1, "cols": 6, "w": 16, "h": 16, "from":  0, "to":  5},
		{"file_name": "images/ghosts/w_sand_01.png",     "frame_name": "w_sand_l",        "rows": 1, "cols": 6, "w": 16, "h": 16, "from":  0, "to":  5},
		{"file_name": "images/ghosts/w_sand_01.png",     "frame_name": "w_sand_u",        "rows": 1, "cols": 6, "w": 16, "h": 16, "from":  0, "to":  5},
		{"file_name": "images/ghosts/w_sand_01.png",     "frame_name": "w_sand_d",        "rows": 1, "cols": 6, "w": 16, "h": 16, "from":  0, "to":  5},

		{"file_name": "images/ghosts/w_storm_01.png",    "frame_name": "w_storm_r",       "rows": 2, "cols": 5, "w": 12, "h": 17, "from":  0, "to":  9},
		{"file_name": "images/ghosts/w_storm_01.png",    "frame_name": "w_storm_l",       "rows": 2, "cols": 5, "w": 12, "h": 17, "from":  0, "to":  9},
		{"file_name": "images/ghosts/w_storm_01.png",    "frame_name": "w_storm_u",       "rows": 2, "cols": 5, "w": 12, "h": 17, "from":  0, "to":  9},
		{"file_name": "images/ghosts/w_storm_01.png",    "frame_name": "w_storm_d",       "rows": 2, "cols": 5, "w": 12, "h": 17, "from":  0, "to":  9},

		{"file_name": "images/ghosts/w_snow_01.png",     "frame_name": "w_snow_r",        "rows": 1, "cols": 6, "w": 11, "h": 11, "from":  0, "to":  5},
		{"file_name": "images/ghosts/w_snow_01.png",     "frame_name": "w_snow_l",        "rows": 1, "cols": 6, "w": 11, "h": 11, "from":  0, "to":  5},
		{"file_name": "images/ghosts/w_snow_01.png",     "frame_name": "w_snow_u",        "rows": 1, "cols": 6, "w": 11, "h": 11, "from":  0, "to":  5},
		{"file_name": "images/ghosts/w_snow_01.png",     "frame_name": "w_snow_d",        "rows": 1, "cols": 6, "w": 11, "h": 11, "from":  0, "to":  5},
		
		{"file_name": "images/ghosts/w_sword_01.png",    "frame_name": "w_sword_r",       "rows": 1, "cols": 9, "w": 16, "h": 16, "from":  0, "to":  8},
		{"file_name": "images/ghosts/w_sword_01.png",    "frame_name": "w_sword_l",       "rows": 2, "cols": 9, "w": 16, "h": 16, "from":  9, "to": 17},
		{"file_name": "images/ghosts/w_sword_01.png",    "frame_name": "w_sword_u",       "rows": 3, "cols": 9, "w": 16, "h": 16, "from": 18, "to": 27},
		{"file_name": "images/ghosts/w_sword_01.png",    "frame_name": "w_sword_d",       "rows": 4, "cols": 9, "w": 16, "h": 16, "from": 28, "to": 37},

		{"file_name": "images/ghosts/wanyu_01.png",      "frame_name": "wanyu_f",         "rows": 1, "cols": 6, "w": 22, "h": 22, "from":  0, "to":  5},
		{"file_name": "images/ghosts/wanyu_01.png",      "frame_name": "wanyu_b",         "rows": 2, "cols": 6, "w": 22, "h": 22, "from":  6, "to": 11},
		{"file_name": "images/ghosts/wanyu_01.png",      "frame_name": "wanyu_r",         "rows": 3, "cols": 6, "w": 22, "h": 22, "from": 12, "to": 17},
		{"file_name": "images/ghosts/wanyu_01.png",      "frame_name": "wanyu_l",         "rows": 4, "cols": 6, "w": 22, "h": 22, "from": 18, "to": 23},
		{"file_name": "images/ghosts/wanyu_01.png",      "frame_name": "wanyu_damage",    "rows": 5, "cols": 6, "w": 22, "h": 22, "from": 24, "to": 29},
		{"file_name": "images/ghosts/wanyu_01.png",      "frame_name": "wanyu_byebye",    "rows": 6, "cols": 6, "w": 22, "h": 22, "from": 30, "to": 35},
		{"file_name": "images/ghosts/wanyu_01.png",      "frame_name": "wanyu_roll_r",    "rows": 7, "cols": 6, "w": 22, "h": 22, "from": 36, "to": 41},
		{"file_name": "images/ghosts/wanyu_01.png",      "frame_name": "wanyu_roll_l",    "rows": 8, "cols": 6, "w": 22, "h": 22, "from": 42, "to": 47},
		{"file_name": "images/ghosts/wanyu_01.png",      "frame_name": "wanyu_jump_f",    "rows": 9, "cols": 6, "w": 22, "h": 22, "from": 48, "to": 53},
		{"file_name": "images/ghosts/wanyu_01.png",      "frame_name": "wanyu_sleep",     "rows":10, "cols": 6, "w": 22, "h": 22, "from": 54, "to": 59},

		{"file_name": "images/ghosts/yuki_01.png",       "frame_name": "yuki_f",          "rows": 1, "cols": 5, "w": 16, "h": 16, "from":  0, "to":  4},
		{"file_name": "images/ghosts/yuki_01.png",       "frame_name": "yuki_b",          "rows": 2, "cols": 5, "w": 16, "h": 16, "from":  5, "to":  9},
		{"file_name": "images/ghosts/yuki_01.png",       "frame_name": "yuki_r",          "rows": 3, "cols": 5, "w": 16, "h": 16, "from": 10, "to": 14},
		{"file_name": "images/ghosts/yuki_01.png",       "frame_name": "yuki_l",          "rows": 4, "cols": 5, "w": 16, "h": 16, "from": 15, "to": 19},
		{"file_name": "images/ghosts/yuki_01.png",       "frame_name": "yuki_damage",     "rows": 5, "cols": 5, "w": 16, "h": 16, "from": 20, "to": 24},
		{"file_name": "images/ghosts/yuki_01.png",       "frame_name": "yuki_byebye",     "rows": 6, "cols": 5, "w": 16, "h": 16, "from": 25, "to": 29},
		{"file_name": "images/ghosts/yuki_01.png",       "frame_name": "yuki_roll_r",     "rows": 7, "cols": 5, "w": 16, "h": 16, "from": 30, "to": 34},
		{"file_name": "images/ghosts/yuki_01.png",       "frame_name": "yuki_roll_l",     "rows": 8, "cols": 5, "w": 16, "h": 16, "from": 35, "to": 39},
		{"file_name": "images/ghosts/yuki_01.png",       "frame_name": "yuki_jump_f",     "rows": 9, "cols": 5, "w": 16, "h": 16, "from": 40, "to": 44},
		{"file_name": "images/ghosts/yuki_01.png",       "frame_name": "yuki_sleep",      "rows":10, "cols": 5, "w": 16, "h": 16, "from": 45, "to": 49},

		{"file_name": "images/invaders/fufo_01.png",     "frame_name": "fufo_ready_1",    "rows": 1, "cols": 6, "w": 20, "h": 26, "from":  0, "to":  5},
		{"file_name": "images/invaders/fufo_01.png",     "frame_name": "fufo_ready_2",    "rows": 2, "cols": 6, "w": 20, "h": 26, "from":  6, "to": 11},
		{"file_name": "images/invaders/fufo_01.png",     "frame_name": "fufo_move",       "rows": 3, "cols": 6, "w": 20, "h": 26, "from": 12, "to": 17},
		{"file_name": "images/invaders/fufo_01.png",     "frame_name": "fufo_up",         "rows": 4, "cols": 6, "w": 20, "h": 26, "from": 18, "to": 23},
		{"file_name": "images/invaders/fufo_01.png",     "frame_name": "fufo_down",       "rows": 5, "cols": 6, "w": 20, "h": 26, "from": 24, "to": 29},

		{"file_name": "images/invaders/inv_01.png",      "frame_name": "inv_01",          "rows": 1, "cols": 6, "w": 11, "h": 12, "from":  0, "to":  5},
		{"file_name": "images/invaders/inv_02.png",      "frame_name": "inv_02",          "rows": 1, "cols": 6, "w": 15, "h": 15, "from":  0, "to":  5},
		{"file_name": "images/invaders/inv_03.png",      "frame_name": "inv_03",          "rows": 1, "cols": 6, "w": 15, "h": 15, "from":  0, "to":  5},
		{"file_name": "images/invaders/inv_04.png",      "frame_name": "inv_04",          "rows": 1, "cols": 6, "w": 15, "h": 15, "from":  0, "to":  5},
		{"file_name": "images/invaders/inv_05.png",      "frame_name": "inv_05",          "rows": 1, "cols": 6, "w": 15, "h": 15, "from":  0, "to":  5},
		{"file_name": "images/invaders/inv_06.png",      "frame_name": "inv_06",          "rows": 1, "cols": 6, "w": 15, "h": 15, "from":  0, "to":  5},
		{"file_name": "images/invaders/inv_07.png",      "frame_name": "inv_07",          "rows": 1, "cols": 6, "w": 15, "h": 15, "from":  0, "to":  5},
		{"file_name": "images/invaders/inv_08.png",      "frame_name": "inv_08",          "rows": 1, "cols": 6, "w": 15, "h": 15, "from":  0, "to":  5},

		{"file_name": "images/stg/pbox_b_01.png",        "frame_name": "pbox_b_01",       "rows": 1, "cols": 6, "w": 20, "h": 15, "from":  0, "to":  5},
		{"file_name": "images/stg/pbox_b_02.png",        "frame_name": "pbox_b_02",       "rows": 1, "cols": 6, "w": 20, "h": 15, "from":  0, "to":  5},

		{"file_name": "images/tower/light_01.png",       "frame_name": "light_lv1",       "rows": 1, "cols": 6, "w": 10, "h": 10, "from":  0, "to":  5},
		{"file_name": "images/tower/light_01.png",       "frame_name": "light_lv2",       "rows": 2, "cols": 6, "w": 10, "h": 10, "from":  6, "to": 11},
		{"file_name": "images/tower/light_01.png",       "frame_name": "light_lv3",       "rows": 3, "cols": 6, "w": 10, "h": 10, "from": 12, "to": 17},
		{"file_name": "images/tower/light_01.png",       "frame_name": "light_lv4",       "rows": 4, "cols": 6, "w": 10, "h": 10, "from": 18, "to": 23},
		{"file_name": "images/tower/light_01.png",       "frame_name": "light_lv5",       "rows": 5, "cols": 6, "w": 10, "h": 10, "from": 24, "to": 29},
 
		{"file_name": "images/tower/mhand_r_01.png",     "frame_name": "mhand_r",         "rows": 1, "cols": 6, "w": 32, "h": 80, "from":  0, "to":  5},
		{"file_name": "images/tower/mhand_l_01.png",     "frame_name": "mhand_l",         "rows": 1, "cols": 6, "w": 32, "h": 80, "from":  0, "to":  5}
	]
}
