{ "columns":9,
 "image":"blocks.png",
 "imageheight":56,
 "imagewidth":252,
 "margin":0,
 "name":"blocks",
 "spacing":0,
 "tilecount":18,
 "tiledversion":"1.10.1",
 "tileheight":28,
 "tiles":[
        {
         "id":0,
         "properties":[
                {
                 "name":"name",
                 "type":"string",
                 "value":"block_28x28_00.png"
                }]
        }, 
        {
         "id":1,
         "properties":[
                {
                 "name":"name",
                 "type":"string",
                 "value":"block_28x14_01.png"
                }]
        }, 
        {
         "id":2,
         "properties":[
                {
                 "name":"name",
                 "type":"string",
                 "value":"block_28x28_02.png"
                }]
        }, 
        {
         "id":3,
         "properties":[
                {
                 "name":"name",
                 "type":"string",
                 "value":"block_28x28_03.png"
                }]
        }, 
        {
         "id":4,
         "properties":[
                {
                 "name":"name",
                 "type":"string",
                 "value":"block_28x28_04.png"
                }]
        }, 
        {
         "id":5,
         "properties":[
                {
                 "name":"name",
                 "type":"string",
                 "value":"block_28x28_05.png"
                }]
        }, 
        {
         "id":6,
         "properties":[
                {
                 "name":"name",
                 "type":"string",
                 "value":"block_28x28_06.png"
                }]
        }, 
        {
         "id":7,
         "properties":[
                {
                 "name":"name",
                 "type":"string",
                 "value":"block_28x28_07.png"
                }]
        }, 
        {
         "id":8,
         "properties":[
                {
                 "name":"name",
                 "type":"string",
                 "value":"block_28x28_08.png"
                }]
        }, 
        {
         "id":9,
         "properties":[
                {
                 "name":"name",
                 "type":"string",
                 "value":"block_28x28_08.png"
                }]
        }, 
        {
         "id":10,
         "properties":[
                {
                 "name":"name",
                 "type":"string",
                 "value":"block_28x28_10.png"
                }]
        }, 
        {
         "id":11,
         "properties":[
                {
                 "name":"name",
                 "type":"string",
                 "value":"block_28x28_11.png"
                }]
        }, 
        {
         "id":12,
         "properties":[
                {
                 "name":"name",
                 "type":"string",
                 "value":"block_28x28_12.png"
                }]
        }, 
        {
         "id":13,
         "properties":[
                {
                 "name":"name",
                 "type":"string",
                 "value":"block_28x28_13.png"
                }]
        }, 
        {
         "id":14,
         "properties":[
                {
                 "name":"name",
                 "type":"string",
                 "value":"block_28x28_14.png"
                }]
        }, 
        {
         "id":15,
         "properties":[
                {
                 "name":"name",
                 "type":"string",
                 "value":"block_28x28_15.png"
                }]
        }, 
        {
         "id":16,
         "properties":[
                {
                 "name":"name",
                 "type":"string",
                 "value":"block_28x28_16.png"
                }]
        }, 
        {
         "id":17,
         "properties":[
                {
                 "name":"name",
                 "type":"string",
                 "value":"block_28x28_17.png"
                }]
        }],
 "tilewidth":28,
 "type":"tileset",
 "version":"1.10"
}