{ "compressionlevel":-1,
 "height":13,
 "infinite":false,
 "layers":[
        {
         "data":[0, 0, 0, 0, 0, 0, 0, 0, 0, 0, 0,
            2, 2, 0, 0, 0, 0, 0, 0, 0, 2, 2,
            0, 0, 0, 0, 0, 0, 0, 0, 0, 0, 0,
            0, 0, 0, 0, 0, 0, 0, 0, 0, 0, 0,
            2, 2, 2, 2, 0, 0, 0, 2, 2, 2, 2,
            0, 0, 0, 0, 0, 0, 0, 0, 0, 0, 0,
            0, 0, 0, 0, 0, 0, 0, 0, 0, 0, 0,
            2, 2, 0, 0, 2, 2, 2, 0, 0, 2, 2,
            0, 0, 0, 0, 0, 0, 0, 0, 0, 0, 0,
            0, 0, 0, 0, 0, 0, 0, 0, 0, 0, 0,
            2, 2, 2, 0, 0, 0, 0, 0, 2, 2, 2,
            0, 0, 0, 0, 0, 0, 0, 0, 0, 0, 0,
            0, 0, 0, 0, 0, 0, 0, 0, 0, 0, 0],
         "height":13,
         "id":1,
         "name":"blocks",
         "opacity":1,
         "type":"tilelayer",
         "visible":true,
         "width":11,
         "x":0,
         "y":0
        }, 
        {
         "data":[0, 0, 0, 0, 0, 0, 0, 0, 0, 0, 0,
            0, 0, 0, 0, 0, 0, 0, 0, 0, 0, 0,
            0, 0, 0, 0, 0, 0, 0, 0, 0, 0, 0,
            0, 23, 0, 0, 0, 0, 0, 0, 0, 23, 0,
            0, 0, 0, 0, 0, 0, 0, 0, 0, 0, 0,
            0, 0, 0, 0, 0, 0, 0, 0, 0, 0, 0,
            0, 20, 0, 0, 0, 0, 0, 0, 0, 20, 0,
            0, 0, 0, 0, 0, 0, 0, 0, 0, 0, 0,
            0, 0, 0, 0, 0, 0, 0, 0, 0, 0, 0,
            0, 21, 0, 0, 0, 0, 0, 0, 0, 21, 0,
            0, 0, 0, 0, 0, 0, 0, 0, 0, 0, 0,
            0, 0, 0, 0, 0, 0, 0, 0, 0, 0, 0,
            0, 22, 0, 0, 0, 0, 0, 0, 0, 22, 0],
         "height":13,
         "id":6,
         "name":"items",
         "opacity":1,
         "type":"tilelayer",
         "visible":true,
         "width":11,
         "x":0,
         "y":0
        }],
 "nextlayerid":7,
 "nextobjectid":1,
 "orientation":"orthogonal",
 "renderorder":"left-down",
 "tiledversion":"1.10.1",
 "tileheight":28,
 "tilesets":[
        {
         "firstgid":1,
         "source":"blocks.tsx"
        }, 
        {
         "firstgid":19,
         "source":"items.tsx"
        }],
 "tilewidth":28,
 "type":"map",
 "version":"1.10",
 "width":11
}