{
	"time": "2023/06/27 16:00:00",
	"version_code": 1,
	"archives":[
		"images.zip",
		"tmx.zip"
	],
	"enemies":[
		"bozu", "osho", "ninja", "oni_b", "oni_g", "oni_r", "yuki"
	],
	"levels":[
		{"num": 5, "weights":[100, 0, 0, 0, 0, 0, 0]},
		{"num": 6, "weights":[0, 100, 0, 0, 0, 0, 0]},
		{"num": 7, "weights":[0, 0, 100, 0, 0, 0, 0]},
		{"num": 8, "weights":[0, 0, 0, 100, 0, 0, 0]},
		{"num": 9, "weights":[0, 0, 0, 0, 100, 0, 0]},
		{"num":10, "weights":[0, 0, 0, 0, 0, 100, 0]},
		{"num":11, "weights":[0, 0, 0, 0, 0, 0, 100]}
	],
	"items":[
		{"score":  2, "weight": 90, "file": "images/puzzle/i_radish.png"},
		{"score":  4, "weight": 20, "file": "images/puzzle/i_carrot.png"},
		{"score":  8, "weight": 10, "file": "images/puzzle/i_cabbage.png"},
		{"score": 10, "weight":  5, "file": "images/puzzle/i_corn.png"},
		{"score": 30, "weight":  2, "file": "images/puzzle/i_eggplant.png"},
		{"score": 90, "weight":  1, "file": "images/puzzle/i_tomato.png"}
	],
	"assets":[
		"images/base/bkg_bottom.png",
		"images/base/bkg_top.png",
		"images/base/block_28x14_01.png",
		"images/base/block_28x14_01.png",
		"images/base/block_28x28_02.png",
		"images/base/block_28x28_03.png",
		"images/base/block_28x28_04.png",
		"images/base/block_28x28_05.png",
		"images/base/block_28x28_06.png",
		"images/base/block_28x28_07.png",
		"images/base/block_28x28_08.png",
		"images/base/block_28x28_09.png",
		"images/base/block_28x28_10.png",
		"images/base/block_28x28_11.png",
		"images/base/block_28x28_12.png",
		"images/base/block_28x28_13.png",
		"images/base/block_28x28_14.png",
		"images/base/block_28x28_15.png",
		"images/base/block_28x28_16.png",
		"images/base/block_28x28_17.png",
		"images/base/blt_enemy_01.png",
		"images/base/blt_enemy_02.png",
		"images/base/blt_missile_01.png",
		"images/base/blt_missile_02.png",
		"images/base/blt_player_01.png",
		"images/base/blt_spread.png",
		"images/base/blt_ufo.png",
		"images/base/box_3x3.png",
		"images/base/box_12x12.png",
		"images/base/box_16x16.png",
		"images/base/box_24x24.png",
		"images/base/box_32x32.png",
		"images/base/box_38x22.png",
		"images/base/box_40x24.png",
		"images/base/box_48x30.png",
		"images/base/box_64x32.png",
		"images/base/box_120x180.png",
		"images/base/box_135x240.png",
		"images/base/box_144x256.png",
		"images/base/box_160x240.png",
		"images/base/box_240x360.png",
		"images/base/btn_back.png",
		"images/base/btn_bkg_90x32.png",
		"images/base/btn_quit.png",
		"images/base/btn_ranking.png",
		"images/base/btn_reset.png",
		"images/base/btn_share.png",
		"images/base/btn_sound_off.png",
		"images/base/btn_sound_on.png",
		"images/base/camera.png",
		"images/base/coin_01.png",
		"images/base/ctl_48x48_default.png",
		"images/base/ctl_48x48_down.png",
		"images/base/ctl_48x48_left.png",
		"images/base/ctl_48x48_right.png",
		"images/base/ctl_48x48_up.png",
		"images/base/ctl_60x60_default.png",
		"images/base/ctl_60x60_down.png",
		"images/base/ctl_60x60_left.png",
		"images/base/ctl_60x60_right.png",
		"images/base/ctl_60x60_up.png",
		"images/base/ctl_arrows.png",
		"images/base/ctl_retro_jump_off.png",
		"images/base/ctl_retro_jump_on.png",
		"images/base/ctl_retro_left_off.png",
		"images/base/ctl_retro_left_on.png",
		"images/base/ctl_retro_right_off.png",
		"images/base/ctl_retro_right_on.png",
		"images/base/ctl_retro_shot_off.png",
		"images/base/ctl_retro_shot_on.png",
		"images/base/dialog_bkg.png",
		"images/base/dialog_btn.png",
		"images/base/dot_2x2.png",
		"images/base/dot_4x4.png",
		"images/base/dot_6x6.png",
		"images/base/dot_8x8.png",
		"images/base/e_ex_01.png",
		"images/base/e_ex_02.png",
		"images/base/e_ex_03.png",
		"images/base/e_ex_04.png",
		"images/base/e_angry.png",
		"images/base/e_fear.png",
		"images/base/e_happy.png",
		"images/base/e_hmm.png",
		"images/base/e_surprise.png",
		"images/base/ene_kan_m.png",
		"images/base/ene_kan_s.png",
		"images/base/ene_meter_jump.png",
		"images/base/ene_meter_off.png",
		"images/base/ene_meter_on.png",
		"images/base/ene_meter_shot.png",
		"images/base/exp_m_01.png",
		"images/base/exp_m_02.png",
		"images/base/exp_s_01.png",
		"images/base/exp_s_02.png",
		"images/base/heart_01.png",
		"images/base/smk_m_01.png",
		"images/base/smk_m_02.png",
		"images/base/smk_s_01.png",
		"images/base/smk_s_02.png",
		"images/base/talk_tnx.png",
		"images/base/tile_42x42_bkg.png",
		"images/base/tile_42x42.png",
		"images/base/tile_44x44_bkg.png",
		"images/base/tile_44x44.png",
		"images/base/tile_46x46_bkg.png",
		"images/base/tile_46x46.png",
		"images/base/tile_48x48_bkg.png",
		"images/base/tile_48x48.png",
		"images/base/frame_bottom.png",
		"images/base/frame_left.png",
		"images/base/frame_right.png",
		"images/base/frame_top.png",
		"images/ninja/bkg_240x480_am.png",
		"images/ninja/bkg_240x480_pm.png",
		"images/ninja/hatake_am_01.png",
		"images/ninja/hatake_am_02.png",
		"images/ninja/hatake_pm_01.png",
		"images/ninja/hatake_pm_02.png",
		"images/ninja/warp_am_l.png",
		"images/ninja/warp_am_r.png",
		"images/ninja/warp_pm_l.png",
		"images/ninja/warp_pm_r.png",
		"images/post/mail_01.png",
		"images/post/postman_01.png",
		"images/post/c_boy_01.png",
		"images/post/c_girl_01.png",
		"images/post/c_man_01.png",
		"images/post/c_woman_01.png",
		"images/post/town_00.png",
		"images/post/town_01.png",
		"images/post/town_02.png",
		"images/puzzle/i_apple.png",
		"images/puzzle/i_banana.png",
		"images/puzzle/i_blueberry.png",
		"images/puzzle/i_box_12x12.png",
		"images/puzzle/i_broccoli.png",
		"images/puzzle/i_cabbage.png",
		"images/puzzle/i_carrot.png",
		"images/puzzle/i_cherry.png",
		"images/puzzle/i_corn.png",
		"images/puzzle/i_eggplant.png",
		"images/puzzle/i_greenpep.png",
		"images/puzzle/i_leek.png",
		"images/puzzle/i_lemon.png",
		"images/puzzle/i_onion.png",
		"images/puzzle/i_orange.png",
		"images/puzzle/i_peach.png",
		"images/puzzle/i_persimmon.png",
		"images/puzzle/i_pumpkin.png",
		"images/puzzle/i_radish.png",
		"images/puzzle/i_redhot.png",
		"images/puzzle/i_soybeans.png",
		"images/puzzle/i_strawberry.png",
		"images/puzzle/i_tomato.png",
		"images/puzzle/i_watermelon.png",
		"images/yukkuri/marisa_01.png",
		"images/yukkuri/reimu_01.png"
	],
	"ses": [
		"sounds/se_fam_powerup_01.ogg",
		"sounds/se_fam_powerup_02.ogg",
		"sounds/se_fam_powerup_03.ogg",
		"sounds/se_fam_powerup_04.ogg",
		"sounds/se_fam_powerup_05.ogg",
		"sounds/se_fam_powerup_06.ogg",
		"sounds/se_fam_powerup_07.ogg",
		"sounds/se_fam_powerup_08.ogg",
		"sounds/se_fam_powerup_09.ogg",
		"sounds/se_fam_powerup_10.ogg",
		"sounds/se_fam_powerup_11.ogg",
		"sounds/se_iwa_akuma.ogg",
		"sounds/se_iwa_combo_01.ogg",
		"sounds/se_iwa_combo_02.ogg",
		"sounds/se_iwa_combo_03.ogg",
		"sounds/se_iwa_combo_04.ogg",
		"sounds/se_iwa_combo_05.ogg",
		"sounds/se_iwa_combo_06.ogg",
		"sounds/se_iwa_cursor_01.ogg",
		"sounds/se_iwa_cursor_02.ogg",
		"sounds/se_iwa_cursor_03.ogg",
		"sounds/se_iwa_cursor_04.ogg",
		"sounds/se_iwa_cursor_05.ogg",
		"sounds/se_iwa_cursor_06.ogg",
		"sounds/se_iwa_cursor_07.ogg",
		"sounds/se_iwa_cursor_08.ogg",
		"sounds/se_iwa_cursor_09.ogg",
		"sounds/se_iwa_d_close.ogg",
		"sounds/se_iwa_d_open.ogg",
		"sounds/se_iwa_fan_01.ogg",
		"sounds/se_iwa_fan_02.ogg",
		"sounds/se_iwa_fan_03.ogg",
		"sounds/se_iwa_hyuun.ogg",
		"sounds/se_iwa_over_01.ogg",
		"sounds/se_iwa_over_02.ogg",
		"sounds/se_iwa_over_03.ogg",
		"sounds/se_iwa_over_04.ogg",
		"sounds/se_iwa_over_05.ogg",
		"sounds/se_iwa_over_06.ogg",
		"sounds/se_iwa_over_07.ogg",
		"sounds/se_iwa_over_08.ogg",
		"sounds/se_iwa_over_09.ogg",
		"sounds/se_iwa_over_10.ogg",
		"sounds/se_iwa_over_11.ogg",
		"sounds/se_iwa_over_12.ogg",
		"sounds/se_iwa_over_13.ogg",
		"sounds/se_iwa_over_14.ogg",
		"sounds/se_iwa_over_15.ogg"
	],
	"bgms": [
		"sounds/bgm_iwa_donkusako.ogg",
		"sounds/bgm_iwa_kami.ogg",
		"sounds/bgm_iwa_yawarakai.ogg"
	],
	"sprite_sheets": [
		{"file_name": "images/base/blt_enemy_01.png",  "frame_name": "blt_enemy_01",     "rows": 1, "cols": 6, "w":  3, "h":  9, "from":  0, "to":  5},
		{"file_name": "images/base/blt_enemy_02.png",  "frame_name": "blt_enemy_02",     "rows": 1, "cols": 6, "w":  3, "h":  9, "from":  0, "to":  5},
		{"file_name": "images/base/blt_player_01.png", "frame_name": "blt_player_01",    "rows": 1, "cols": 1, "w":  3, "h":  9, "from":  0, "to":  0},
		{"file_name": "images/base/coin_01.png",       "frame_name": "coin_01",          "rows": 1, "cols": 6, "w":  9, "h":  9, "from":  0, "to":  5},
		{"file_name": "images/base/exp_m_01.png",      "frame_name": "exp_m_01",         "rows": 1, "cols": 6, "w": 32, "h": 32, "from":  0, "to":  5},
		{"file_name": "images/base/exp_m_02.png",      "frame_name": "exp_m_02",         "rows": 1, "cols": 6, "w": 32, "h": 32, "from":  0, "to":  5},
		{"file_name": "images/base/exp_s_01.png",      "frame_name": "exp_s_01",         "rows": 1, "cols": 6, "w": 15, "h": 15, "from":  0, "to":  5},
		{"file_name": "images/base/exp_s_02.png",      "frame_name": "exp_s_02",         "rows": 1, "cols": 8, "w": 15, "h": 15, "from":  0, "to":  7},
		{"file_name": "images/base/heart_01.png",      "frame_name": "heart_01",         "rows": 1, "cols": 6, "w": 13, "h": 13, "from":  0, "to":  5},
		{"file_name": "images/base/smk_m_01.png",      "frame_name": "smk_m_01",         "rows": 2, "cols": 6, "w": 50, "h": 50, "from":  0, "to": 11},
		{"file_name": "images/base/smk_m_02.png",      "frame_name": "smk_m_02",         "rows": 3, "cols": 6, "w": 50, "h": 50, "from":  0, "to": 17},
		{"file_name": "images/base/smk_s_01.png",      "frame_name": "smk_s_01",         "rows": 1, "cols": 6, "w": 16, "h": 16, "from":  0, "to":  5},
		{"file_name": "images/base/smk_s_02.png",      "frame_name": "smk_s_02",         "rows": 2, "cols": 6, "w": 16, "h": 16, "from":  0, "to": 11},
		{"file_name": "images/ninja/bozu_01.png",      "frame_name": "bozu_f",           "rows": 1, "cols": 5, "w": 16, "h": 16, "from":  0, "to":  4},
		{"file_name": "images/ninja/bozu_01.png",      "frame_name": "bozu_b",           "rows": 2, "cols": 5, "w": 16, "h": 16, "from":  5, "to":  9},
		{"file_name": "images/ninja/bozu_01.png",      "frame_name": "bozu_r",           "rows": 3, "cols": 5, "w": 16, "h": 16, "from": 10, "to": 14},
		{"file_name": "images/ninja/bozu_01.png",      "frame_name": "bozu_l",           "rows": 4, "cols": 5, "w": 16, "h": 16, "from": 15, "to": 19},
		{"file_name": "images/ninja/bozu_01.png",      "frame_name": "bozu_damage",      "rows": 5, "cols": 5, "w": 16, "h": 16, "from": 20, "to": 24},
		{"file_name": "images/ninja/bozu_01.png",      "frame_name": "bozu_dead",        "rows": 6, "cols": 5, "w": 16, "h": 16, "from": 25, "to": 29},
		{"file_name": "images/ninja/oni_b_01.png",     "frame_name": "oni_b_f",          "rows": 1, "cols": 5, "w": 16, "h": 16, "from":  0, "to":  4},
		{"file_name": "images/ninja/oni_b_01.png",     "frame_name": "oni_b_b",          "rows": 2, "cols": 5, "w": 16, "h": 16, "from":  5, "to":  9},
		{"file_name": "images/ninja/oni_b_01.png",     "frame_name": "oni_b_r",          "rows": 3, "cols": 5, "w": 16, "h": 16, "from": 10, "to": 14},
		{"file_name": "images/ninja/oni_b_01.png",     "frame_name": "oni_b_l",          "rows": 4, "cols": 5, "w": 16, "h": 16, "from": 15, "to": 19},
		{"file_name": "images/ninja/oni_b_01.png",     "frame_name": "oni_b_damage",     "rows": 5, "cols": 5, "w": 16, "h": 16, "from": 20, "to": 24},
		{"file_name": "images/ninja/oni_b_01.png",     "frame_name": "oni_b_dead",       "rows": 6, "cols": 5, "w": 16, "h": 16, "from": 25, "to": 29},
		{"file_name": "images/ninja/oni_g_01.png",     "frame_name": "oni_g_f",          "rows": 1, "cols": 5, "w": 16, "h": 16, "from":  0, "to":  4},
		{"file_name": "images/ninja/oni_g_01.png",     "frame_name": "oni_g_b",          "rows": 2, "cols": 5, "w": 16, "h": 16, "from":  5, "to":  9},
		{"file_name": "images/ninja/oni_g_01.png",     "frame_name": "oni_g_r",          "rows": 3, "cols": 5, "w": 16, "h": 16, "from": 10, "to": 14},
		{"file_name": "images/ninja/oni_g_01.png",     "frame_name": "oni_g_l",          "rows": 4, "cols": 5, "w": 16, "h": 16, "from": 15, "to": 19},
		{"file_name": "images/ninja/oni_g_01.png",     "frame_name": "oni_g_damage",     "rows": 5, "cols": 5, "w": 16, "h": 16, "from": 20, "to": 24},
		{"file_name": "images/ninja/oni_g_01.png",     "frame_name": "oni_g_dead",       "rows": 6, "cols": 5, "w": 16, "h": 16, "from": 25, "to": 29},
		{"file_name": "images/ninja/oni_r_01.png",     "frame_name": "oni_r_f",          "rows": 1, "cols": 5, "w": 16, "h": 16, "from":  0, "to":  4},
		{"file_name": "images/ninja/oni_r_01.png",     "frame_name": "oni_r_b",          "rows": 2, "cols": 5, "w": 16, "h": 16, "from":  5, "to":  9},
		{"file_name": "images/ninja/oni_r_01.png",     "frame_name": "oni_r_r",          "rows": 3, "cols": 5, "w": 16, "h": 16, "from": 10, "to": 14},
		{"file_name": "images/ninja/oni_r_01.png",     "frame_name": "oni_r_l",          "rows": 4, "cols": 5, "w": 16, "h": 16, "from": 15, "to": 19},
		{"file_name": "images/ninja/oni_r_01.png",     "frame_name": "oni_r_damage",     "rows": 5, "cols": 5, "w": 16, "h": 16, "from": 20, "to": 24},
		{"file_name": "images/ninja/oni_r_01.png",     "frame_name": "oni_r_dead",       "rows": 6, "cols": 5, "w": 16, "h": 16, "from": 25, "to": 29},
		{"file_name": "images/ninja/osho_01.png",      "frame_name": "osho_f",           "rows": 1, "cols": 5, "w": 16, "h": 16, "from":  0, "to":  4},
		{"file_name": "images/ninja/osho_01.png",      "frame_name": "osho_b",           "rows": 2, "cols": 5, "w": 16, "h": 16, "from":  5, "to":  9},
		{"file_name": "images/ninja/osho_01.png",      "frame_name": "osho_r",           "rows": 3, "cols": 5, "w": 16, "h": 16, "from": 10, "to": 14},
		{"file_name": "images/ninja/osho_01.png",      "frame_name": "osho_l",           "rows": 4, "cols": 5, "w": 16, "h": 16, "from": 15, "to": 19},
		{"file_name": "images/ninja/osho_01.png",      "frame_name": "osho_damage",      "rows": 5, "cols": 5, "w": 16, "h": 16, "from": 20, "to": 24},
		{"file_name": "images/ninja/osho_01.png",      "frame_name": "osho_dead",        "rows": 6, "cols": 5, "w": 16, "h": 16, "from": 25, "to": 29},
		{"file_name": "images/ninja/oyuki_01.png",     "frame_name": "oyuki_f",          "rows": 1, "cols": 5, "w": 16, "h": 16, "from":  0, "to":  4},
		{"file_name": "images/ninja/oyuki_01.png",     "frame_name": "oyuki_b",          "rows": 2, "cols": 5, "w": 16, "h": 16, "from":  5, "to":  9},
		{"file_name": "images/ninja/oyuki_01.png",     "frame_name": "oyuki_r",          "rows": 3, "cols": 5, "w": 16, "h": 16, "from": 10, "to": 14},
		{"file_name": "images/ninja/oyuki_01.png",     "frame_name": "oyuki_l",          "rows": 4, "cols": 5, "w": 16, "h": 16, "from": 15, "to": 19},
		{"file_name": "images/ninja/oyuki_01.png",     "frame_name": "oyuki_damage",     "rows": 5, "cols": 5, "w": 16, "h": 16, "from": 20, "to": 24},
		{"file_name": "images/ninja/oyuki_01.png",     "frame_name": "oyuki_dead",       "rows": 6, "cols": 5, "w": 16, "h": 16, "from": 25, "to": 29},
		{"file_name": "images/ninja/needle_01.png",    "frame_name": "needle_up",        "rows": 1, "cols": 6, "w": 28, "h": 14, "from":  0, "to":  5},
		{"file_name": "images/ninja/needle_01.png",    "frame_name": "needle_down",      "rows": 2, "cols": 6, "w": 28, "h": 14, "from":  6, "to": 11},
		{"file_name": "images/ninja/ninja_b_01.png",   "frame_name": "ninja_b_f",        "rows": 1, "cols": 5, "w": 16, "h": 16, "from":  0, "to":  4},
		{"file_name": "images/ninja/ninja_b_01.png",   "frame_name": "ninja_b_b",        "rows": 2, "cols": 5, "w": 16, "h": 16, "from":  5, "to":  9},
		{"file_name": "images/ninja/ninja_b_01.png",   "frame_name": "ninja_b_r",        "rows": 3, "cols": 5, "w": 16, "h": 16, "from": 10, "to": 14},
		{"file_name": "images/ninja/ninja_b_01.png",   "frame_name": "ninja_b_l",        "rows": 4, "cols": 5, "w": 16, "h": 16, "from": 15, "to": 19},
		{"file_name": "images/ninja/ninja_b_01.png",   "frame_name": "ninja_b_damage",   "rows": 5, "cols": 5, "w": 16, "h": 16, "from": 20, "to": 24},
		{"file_name": "images/ninja/ninja_b_01.png",   "frame_name": "ninja_b_dead",     "rows": 6, "cols": 5, "w": 16, "h": 16, "from": 25, "to": 29},
		{"file_name": "images/ninja/ninja_b_01.png",   "frame_name": "ninja_b_jump_f",   "rows": 7, "cols": 5, "w": 16, "h": 16, "from": 30, "to": 34},
		{"file_name": "images/ninja/ninja_b_01.png",   "frame_name": "ninja_b_jump_r",   "rows": 8, "cols": 5, "w": 16, "h": 16, "from": 35, "to": 39},
		{"file_name": "images/ninja/ninja_b_01.png",   "frame_name": "ninja_b_jump_l",   "rows": 9, "cols": 5, "w": 16, "h": 16, "from": 40, "to": 44},
		{"file_name": "images/ninja/ninja_b_01.png",   "frame_name": "ninja_b_land_f",   "rows":10, "cols": 5, "w": 16, "h": 16, "from": 45, "to": 49},
		{"file_name": "images/ninja/ninja_b_01.png",   "frame_name": "ninja_b_land_r",   "rows":11, "cols": 5, "w": 16, "h": 16, "from": 50, "to": 54},
		{"file_name": "images/ninja/ninja_b_01.png",   "frame_name": "ninja_b_land_l",   "rows":12, "cols": 5, "w": 16, "h": 16, "from": 55, "to": 59},
		{"file_name": "images/ninja/tanu_01.png",      "frame_name": "tanu_f",           "rows": 1, "cols": 5, "w": 16, "h": 16, "from":  0, "to":  4},
		{"file_name": "images/ninja/tanu_01.png",      "frame_name": "tanu_b",           "rows": 2, "cols": 5, "w": 16, "h": 16, "from":  5, "to":  9},
		{"file_name": "images/ninja/tanu_01.png",      "frame_name": "tanu_r",           "rows": 3, "cols": 5, "w": 16, "h": 16, "from": 10, "to": 14},
		{"file_name": "images/ninja/tanu_01.png",      "frame_name": "tanu_l",           "rows": 4, "cols": 5, "w": 16, "h": 16, "from": 15, "to": 19},
		{"file_name": "images/ninja/tanu_01.png",      "frame_name": "tanu_damage",      "rows": 5, "cols": 5, "w": 16, "h": 16, "from": 20, "to": 24},
		{"file_name": "images/ninja/tanu_01.png",      "frame_name": "tanu_dead",        "rows": 6, "cols": 5, "w": 16, "h": 16, "from": 25, "to": 29},
		{"file_name": "images/ninja/tanu_01.png",      "frame_name": "tanu_jump_f",      "rows": 7, "cols": 5, "w": 16, "h": 16, "from": 30, "to": 34},
		{"file_name": "images/ninja/tanu_01.png",      "frame_name": "tanu_jump_r",      "rows": 8, "cols": 5, "w": 16, "h": 16, "from": 35, "to": 39},
		{"file_name": "images/ninja/tanu_01.png",      "frame_name": "tanu_jump_l",      "rows": 9, "cols": 5, "w": 16, "h": 16, "from": 40, "to": 44},
		{"file_name": "images/ninja/tanu_01.png",      "frame_name": "tanu_land_f",      "rows":10, "cols": 5, "w": 16, "h": 16, "from": 45, "to": 49},
		{"file_name": "images/ninja/tanu_01.png",      "frame_name": "tanu_land_r",      "rows":11, "cols": 5, "w": 16, "h": 16, "from": 50, "to": 54},
		{"file_name": "images/ninja/tanu_01.png",      "frame_name": "tanu_land_l",      "rows":12, "cols": 5, "w": 16, "h": 16, "from": 55, "to": 59},
		{"file_name": "images/ninja/tanu_01.png",      "frame_name": "tanu_sleep_r",     "rows":13, "cols": 5, "w": 16, "h": 16, "from": 60, "to": 64},
		{"file_name": "images/ninja/tanu_01.png",      "frame_name": "tanu_sleep_l",     "rows":14, "cols": 5, "w": 16, "h": 16, "from": 65, "to": 69},
		{"file_name": "images/ninja/slime_k_b_01.png", "frame_name": "slime_k_b_f",      "rows": 1, "cols": 5, "w": 16, "h": 16, "from":  0, "to":  4},
		{"file_name": "images/ninja/slime_k_b_01.png", "frame_name": "slime_k_b_b",      "rows": 2, "cols": 5, "w": 16, "h": 16, "from":  5, "to":  9},
		{"file_name": "images/ninja/slime_k_b_01.png", "frame_name": "slime_k_b_r",      "rows": 3, "cols": 5, "w": 16, "h": 16, "from": 10, "to": 14},
		{"file_name": "images/ninja/slime_k_b_01.png", "frame_name": "slime_k_b_l",      "rows": 4, "cols": 5, "w": 16, "h": 16, "from": 15, "to": 19},
		{"file_name": "images/ninja/slime_k_b_01.png", "frame_name": "slime_k_b_damage", "rows": 5, "cols": 5, "w": 16, "h": 16, "from": 20, "to": 24},
		{"file_name": "images/ninja/slime_k_b_01.png", "frame_name": "slime_k_b_dead",   "rows": 6, "cols": 5, "w": 16, "h": 16, "from": 25, "to": 29},
		{"file_name": "images/ninja/slime_k_g_01.png", "frame_name": "slime_k_g_f",      "rows": 1, "cols": 5, "w": 16, "h": 16, "from":  0, "to":  4},
		{"file_name": "images/ninja/slime_k_g_01.png", "frame_name": "slime_k_g_b",      "rows": 2, "cols": 5, "w": 16, "h": 16, "from":  5, "to":  9},
		{"file_name": "images/ninja/slime_k_g_01.png", "frame_name": "slime_k_g_r",      "rows": 3, "cols": 5, "w": 16, "h": 16, "from": 10, "to": 14},
		{"file_name": "images/ninja/slime_k_g_01.png", "frame_name": "slime_k_g_l",      "rows": 4, "cols": 5, "w": 16, "h": 16, "from": 15, "to": 19},
		{"file_name": "images/ninja/slime_k_g_01.png", "frame_name": "slime_k_g_damage", "rows": 5, "cols": 5, "w": 16, "h": 16, "from": 20, "to": 24},
		{"file_name": "images/ninja/slime_k_g_01.png", "frame_name": "slime_k_g_dead",   "rows": 6, "cols": 5, "w": 16, "h": 16, "from": 25, "to": 29},
		{"file_name": "images/ninja/slime_k_r_01.png", "frame_name": "slime_k_r_f",      "rows": 1, "cols": 5, "w": 16, "h": 16, "from":  0, "to":  4},
		{"file_name": "images/ninja/slime_k_r_01.png", "frame_name": "slime_k_r_b",      "rows": 2, "cols": 5, "w": 16, "h": 16, "from":  5, "to":  9},
		{"file_name": "images/ninja/slime_k_r_01.png", "frame_name": "slime_k_r_r",      "rows": 3, "cols": 5, "w": 16, "h": 16, "from": 10, "to": 14},
		{"file_name": "images/ninja/slime_k_r_01.png", "frame_name": "slime_k_r_l",      "rows": 4, "cols": 5, "w": 16, "h": 16, "from": 15, "to": 19},
		{"file_name": "images/ninja/slime_k_r_01.png", "frame_name": "slime_k_r_damage", "rows": 5, "cols": 5, "w": 16, "h": 16, "from": 20, "to": 24},
		{"file_name": "images/ninja/slime_k_r_01.png", "frame_name": "slime_k_r_dead",   "rows": 6, "cols": 5, "w": 16, "h": 16, "from": 25, "to": 29},
		{"file_name": "images/ninja/w_kami_01.png",    "frame_name": "w_kami_01",        "rows": 2, "cols": 4, "w": 16, "h":  6, "from":  0, "to":  7},
		{"file_name": "images/ninja/w_kami_02.png",    "frame_name": "w_kami_02",        "rows": 2, "cols": 4, "w":  6, "h": 16, "from":  0, "to":  7},
		{"file_name": "images/ninja/w_kami_03.png",    "frame_name": "w_kami_03",        "rows": 2, "cols": 4, "w": 16, "h": 16, "from":  0, "to":  7},
		{"file_name": "images/ninja/w_yuki_01.png",    "frame_name": "w_yuki_01",        "rows": 1, "cols": 6, "w": 11, "h": 11, "from":  0, "to":  5},
		{"file_name": "images/ninja/w_shuri_01.png",   "frame_name": "w_shuri_01",       "rows": 1, "cols": 4, "w": 10, "h": 10, "from":  0, "to":  3},
		{"file_name": "images/post/postman_01.png",    "frame_name": "cat_drive",        "rows": 1, "cols": 5, "w": 50, "h": 50, "from":  0, "to":  4},
		{"file_name": "images/post/postman_01.png",    "frame_name": "cat_down",         "rows": 2, "cols": 5, "w": 50, "h": 50, "from":  5, "to":  9},
		{"file_name": "images/post/postman_01.png",    "frame_name": "cat_run",          "rows": 3, "cols": 5, "w": 50, "h": 50, "from": 10, "to": 14},
		{"file_name": "images/post/c_boy_01.png",      "frame_name": "c_boy",            "rows": 1, "cols": 5, "w": 22, "h": 25, "from":  0, "to":  4},
		{"file_name": "images/post/c_girl_01.png",     "frame_name": "c_girl",           "rows": 1, "cols": 5, "w": 22, "h": 25, "from":  0, "to":  4},
		{"file_name": "images/post/c_man_01.png",      "frame_name": "c_man",            "rows": 1, "cols": 5, "w": 22, "h": 25, "from":  0, "to":  4},
		{"file_name": "images/post/c_woman_01.png",    "frame_name": "c_woman",          "rows": 1, "cols": 5, "w": 22, "h": 25, "from":  0, "to":  4},
		{"file_name": "images/yukkuri/marisa_01.png",  "frame_name": "marisa_good",      "rows": 1, "cols": 4, "w": 62, "h": 49, "from":  0, "to":  3},
		{"file_name": "images/yukkuri/marisa_01.png",  "frame_name": "marisa_like",      "rows": 2, "cols": 4, "w": 62, "h": 49, "from":  4, "to":  7},
		{"file_name": "images/yukkuri/marisa_01.png",  "frame_name": "marisa_bad",       "rows": 3, "cols": 4, "w": 62, "h": 49, "from":  8, "to": 11},
		{"file_name": "images/yukkuri/marisa_01.png",  "frame_name": "marisa_stun",      "rows": 4, "cols": 4, "w": 62, "h": 49, "from": 12, "to": 15},
		{"file_name": "images/yukkuri/marisa_01.png",  "frame_name": "marisa_shy",       "rows": 5, "cols": 4, "w": 62, "h": 49, "from": 16, "to": 19},
		{"file_name": "images/yukkuri/reimu_01.png",   "frame_name": "reimu_good",       "rows": 1, "cols": 4, "w": 46, "h": 39, "from":  0, "to":  3},
		{"file_name": "images/yukkuri/reimu_01.png",   "frame_name": "reimu_like",       "rows": 2, "cols": 4, "w": 46, "h": 39, "from":  4, "to":  7},
		{"file_name": "images/yukkuri/reimu_01.png",   "frame_name": "reimu_bad",        "rows": 3, "cols": 4, "w": 46, "h": 39, "from":  8, "to": 11},
		{"file_name": "images/yukkuri/reimu_01.png",   "frame_name": "reimu_stun",       "rows": 4, "cols": 4, "w": 46, "h": 39, "from": 12, "to": 15},
		{"file_name": "images/yukkuri/reimu_01.png",   "frame_name": "reimu_shy",        "rows": 5, "cols": 4, "w": 46, "h": 39, "from": 16, "to": 19}
	]
}
